Domain,Domain ascore,easyauto.ae,mechanicar.com,autopro.ae,bestserviceuae.com,cargaragefinder.ae,Matches
yahoo.com,100,0,11,1,0,2,3
bye.fyi,21,0,1,1,1,0,3
drjack.world,21,0,2,1,2,0,3
jake.eu,11,0,2,1,1,0,3
websites.freemyip.com,5,0,2,1,1,0,3
murahkitchen.my,21,0,1,2,0,0,2
talajalisco.gob.mx,21,0,1,2,0,0,2
olivare.com.ar,16,0,1,2,0,0,2
afdlhost.com,15,0,0,34,2,0,2
alazharcilacap.sch.id,13,0,1,2,0,0,2
websitescrawl.com,12,0,2,2,0,0,2
sisgroup.lk,10,0,1,2,0,0,2
xedulichdaklak.com,8,0,1,2,0,0,2
seol.store,7,0,4,1,0,0,2
thetarotalk.com,7,0,1,2,0,0,2
developmentmi.com,6,0,1,1,0,0,2
eurekster.com,6,0,30,2,0,0,2
hwnerds.com,6,0,1,1,0,0,2
keirseybooks.com,6,0,1,2,0,0,2
quero.party,6,0,2,0,1,0,2
starcourts.com,6,0,1,1,0,0,2
theambiencenews.com,6,0,1,4,0,0,2
webranksite.com,6,0,1,1,0,0,2
byteshort.xyz,5,0,1,1,0,0,2
urls-shortener.eu,5,0,1,1,0,0,2
agroinsursas.com,4,0,1,2,0,0,2
dcoutesnjacob.com,4,0,1,1,0,0,2
global-ranks.pages.dev,4,0,1,1,0,0,2
mony.live,4,0,2,2,0,0,2
capetownthing.co.za,3,0,1,2,0,0,2
directorylinkservice.com,3,0,1,1,0,0,2
ready.pro,3,0,1,2,0,0,2
seomuda.id,3,0,1,2,0,0,2
slapshady.com,3,0,1,2,0,0,2
ateliereleaurorei.ro,2,0,1,2,0,0,2
blinks.monster,2,0,3,3,0,0,2
blinks.sbs,2,0,2,1,0,0,2
bluecantera.com,2,0,7,13,0,0,2
businessvocal.com,2,0,1,1,0,0,2
carrepairnearme.co,2,0,0,7,1,0,2
knows.monster,2,0,3,1,0,0,2
knows.sbs,2,0,2,3,0,0,2
newsblogsports.site,2,0,1,1,0,0,2
nivira.shop,2,0,1,0,1,0,2
repairsouk.com,2,0,0,80,4,0,2
revan-me.com,2,0,1,2,0,0,2
searchinarabia.com,2,0,5,5,0,0,2
seodomains.website,2,0,2,2,0,0,2
shoplogist.com,2,0,1,2,0,0,2
sportsbikeparts.pk,2,0,1,2,0,0,2
suadienlanhhaiduong.com,2,0,1,1,0,0,2
takes.homes,2,0,1,2,0,0,2
takes.sbs,2,0,4,3,0,0,2
truebookies.com,2,0,1,2,0,0,2
wants.cfd,2,0,7,4,0,0,2
yandex.com,96,0,0,3,0,0,1
bing.com,92,0,11,0,0,0,1
alibaba.com,80,0,0,2,0,0,1
crunchbase.com,72,0,1,0,0,0,1
googleblog.com,71,0,0,1,0,0,1
davivienda.com,64,0,1,0,0,0,1
yango.com,58,0,0,22,0,0,1
accio.com,56,0,1,0,0,0,1
rakbank.ae,54,0,0,1,0,0,1
damacproperties.com,53,0,0,17,0,0,1
expatica.com,53,0,1,0,0,0,1
provenexpert.com,52,0,2,0,0,0,1
chinaz.com,51,0,0,1,0,0,1
justanswer.co.uk,49,0,1,0,0,0,1
callofwar.com,48,0,0,14,0,0,1
tobii.com,48,0,0,1,0,0,1
dubicars.com,45,0,0,11,0,0,1
techbehemoths.com,45,0,0,2,0,0,1
cars24.ae,42,0,0,1,0,0,1
near-place.com,42,0,0,20,0,0,1
sitelike.org,42,0,0,49,0,0,1
lovin.co,41,0,0,7,0,0,1
citysearch.ae,40,0,0,63,0,0,1
mimuw.edu.pl,40,0,0,2,0,0,1
siteprice.org,40,0,0,2,0,0,1
mhtwyat.com,39,0,0,4,0,0,1
groupon.ae,37,0,0,5,0,0,1
metaldevastationradio.com,36,0,0,4,0,0,1
rentacheapcardubai.com,36,0,0,17,0,0,1
tipntag.com,36,0,0,1,0,0,1
fastbase.com,35,0,0,14,0,0,1
klazify.com,35,0,2,0,0,0,1
teletype.in,35,0,0,2,0,0,1
mymoneysouq.com,34,0,0,1,0,0,1
enoctasjeel.com,33,0,0,2,0,0,1
filipinotimes.net,33,0,0,2,0,0,1
optimisticmommy.com,33,0,0,2,0,0,1
arkasoftwares.com,32,0,0,1,0,0,1
dayofdubai.com,32,0,0,3,0,0,1
hugi.is,32,0,0,2,0,0,1
oidp.net,32,0,0,5,0,0,1
lookwhatmomfound.com,31,0,0,1,0,0,1
moyens.net,31,0,0,2,0,0,1
saito.io,31,0,1,0,0,0,1
autotraders.ae,30,0,0,12,0,0,1
bizmideast.com,30,0,0,27,0,0,1
clearos.com,30,0,0,1,0,0,1
gameworld.gr,30,0,0,5,0,0,1
glarity.app,30,0,0,2,0,0,1
profilecanada.com,30,0,2,0,0,0,1
vehiclereport.me,30,0,0,2,0,0,1
coparking.ch,29,0,1,0,0,0,1
emiratesbd.ae,29,0,0,3,0,0,1
entrepreneursbreak.com,29,0,0,2,0,0,1
fyple.co.uk,29,0,1,0,0,0,1
dubailocal.ae,28,0,0,30,0,0,1
mosoah.com,28,0,0,1,0,0,1
bestthings.ae,27,0,0,60,0,0,1
buildeey.com,27,0,0,3,0,0,1
rohitab.com,27,0,0,3,0,0,1
tntcode.com,27,0,0,2,0,0,1
hekko24.pl,26,0,0,11,0,0,1
invastor.com,26,0,2,0,0,0,1
platon.sk,26,0,0,2,0,0,1
quantummarketer.com,26,0,0,1,0,0,1
carinsurance.ae,25,0,0,1,0,0,1
dubaiinfohub.com,25,0,0,1,0,0,1
dubaireview.ae,25,0,0,1,0,0,1
yably.ca,25,0,3,0,0,0,1
aeonscope.net,24,0,0,1,0,0,1
freelistingusa.com,24,0,0,1,0,0,1
marketlister.ca,24,0,2,0,0,0,1
stations.ae,24,0,0,14,0,0,1
swattransport.ae,24,0,0,5,0,0,1
backlinks-checker.com,23,0,1,0,0,0,1
buzzbii.com,23,0,0,4,0,0,1
capricreek.net,23,0,1,0,0,0,1
gofrogi.com,23,0,0,22,0,0,1
mrbus.ae,23,0,0,4,0,0,1
myrtlebeachsc.com,23,0,1,0,0,0,1
bhimchat.com,22,0,0,3,0,0,1
connector.ae,22,0,0,2,0,0,1
marketguest.com,22,0,0,4,0,0,1
techfily.com,22,0,0,4,0,0,1
canlist.ca,21,0,4,0,0,0,1
cloversolutions.us,21,0,1,0,0,0,1
dubaisbest.com,21,0,0,2,0,0,1
fiftyshadesofseo.com,21,0,0,2,0,0,1
loginslink.com,21,0,2,0,0,0,1
minajliki.ma,21,0,0,7,0,0,1
video-bookmark.com,21,0,0,7,0,0,1
7news1.com,20,0,0,3,0,0,1
cerashealth.com,20,0,2,0,0,0,1
vehiclefix.in,20,0,3,0,0,0,1
alestat.com,18,0,4,0,0,0,1
jazminsbeautysalon.be,18,0,0,1,0,0,1
apnagulf.com,17,0,0,1,0,0,1
imagescape.com,17,0,1,0,0,0,1
inpeaks.com,17,0,0,3,0,0,1
techcrams.com,17,0,0,3,0,0,1
hurricanes99.com,16,0,0,1,0,0,1
alfazoneuae.com,15,0,0,1,0,0,1
autofixerdubai.com,15,0,0,8,0,0,1
automaxtools.me,15,0,0,1,0,0,1
incomescircle.com,15,0,0,2,0,0,1
poidata.io,15,0,0,16,0,0,1
smartmobilelocksmith.com,15,0,0,3,0,0,1
techendo.com,15,0,1,0,0,0,1
towtruckcheap.com,15,0,1,0,0,0,1
carantee.me,14,0,0,1,0,0,1
emaratfinder.com,14,0,0,46,0,0,1
indoconnex.com,14,0,0,4,0,0,1
linkstn.com,14,0,0,1,0,0,1
localemirates.com,14,0,0,346,0,0,1
middleeastyellowpages.com,14,0,0,6,0,0,1
platon.org,14,0,0,9,0,0,1
intently.co,13,0,0,78,0,0,1
lifewithlilred.com,13,0,6,0,0,0,1
promorapid.com,13,0,0,13,0,0,1
resonancelabjo.com,13,0,0,2,0,0,1
ejobscircular.com,12,0,1,0,0,0,1
shoppinginformer.com,12,0,0,2,0,0,1
vehq.com,12,0,1,0,0,0,1
zoomdigital.ae,12,0,0,1,0,0,1
bestserviceuae.com,11,0,0,136,0,0,1
emirates-online.net,11,0,0,3,0,0,1
labplanet.net,11,0,0,23,0,0,1
medidocs.com,11,0,0,1,0,0,1
publikpages.com,11,0,0,45,0,0,1
sohago.com,11,0,0,1,0,0,1
uaethrive.com,11,0,0,2,0,0,1
carwash-nearme.ae,10,0,0,3,0,0,1
goldcoastdatacentre.com.au,10,0,1,0,0,0,1
johnsonvillebusiness.co.nz,10,0,1,0,0,0,1
searchinoman.com,10,0,2,0,0,0,1
seonio.com,10,0,0,1,0,0,1
sergechel.info,10,0,1,0,0,0,1
tagcommunity.network,10,0,0,1,0,0,1
viewdubai.net,10,0,0,2,0,0,1
wbsofts.com,10,0,0,5,0,0,1
yallapages.ae,10,0,0,2,0,0,1
alwaysdial.com,9,0,0,39,0,0,1
capplatam.com,9,0,1,0,0,0,1
ccmgarage.com,9,0,0,2,0,0,1
dubai.ae.org,9,0,0,1,0,0,1
esad.edu.br,9,0,2,0,0,0,1
goprofiled.com,9,0,0,560,0,0,1
infldb.com,9,0,0,2,0,0,1
localwashadvisor.com,9,0,0,1,0,0,1
mydubaibest.com,9,0,0,3,0,0,1
mysidiaadoptables.com,9,0,0,1,0,0,1
scan-uae.com,9,0,0,4,0,0,1
swipenow.com,9,0,1,0,0,0,1
topratedplaces.ai,9,0,0,4,0,0,1
wraptorsperformance.com,9,0,2,0,0,0,1
americanwheelscompany.com,8,0,0,2,0,0,1
autostadtmotorservices.ae,8,0,0,2,0,0,1
bsness.co.uk,8,0,1,0,0,0,1
googlefanclub.com,8,0,1,0,0,0,1
majinoukari.com,8,0,0,1,0,0,1
mistdirectory.ae,8,0,0,564,0,0,1
ozandforeign.com.au,8,0,2,0,0,0,1
ratingkey.com,8,0,3,0,0,0,1
trust-biz.com,8,0,9,0,0,0,1
viralist.ai,8,0,0,1,0,0,1
celestialdirectory.com,7,0,0,200,0,0,1
darkschemedirectory.com,7,0,0,691,0,0,1
dreppasco.edu.pe,7,0,1,0,0,0,1
engineeringbulb.com,7,0,1,0,0,0,1
iestpaltohuallaga.edu.pe,7,0,1,0,0,0,1
mideastarchives.biz,7,0,0,4,0,0,1
pikory.com,7,0,0,1,0,0,1
qaymny.com,7,0,0,3,0,0,1
safestdriverdubai.com,7,0,0,1,0,0,1
addirectory.org,6,0,0,107,0,0,1
ask-dir.org,6,0,0,3,0,0,1
atomizelink.icu,6,0,0,0,1,0,1
berlin-immobilien-verkaufen.de,6,0,0,1,0,0,1
complaintinfo.com,6,0,3,0,0,0,1
dutystation.ai,6,0,1,0,0,0,1
evpro.ae,6,0,0,5,0,0,1
fixydo.com,6,0,0,2,0,0,1
giggleharbor.com,6,0,0,1,0,0,1
heavenarticle.com,6,0,0,2,0,0,1
hot-shop.cc,6,0,0,1,0,0,1
jobsapp.info,6,0,1,0,0,0,1
kingranks.com,6,0,0,2,0,0,1
pedagogicotarapoto.edu.pe,6,0,2,0,0,0,1
posgradount.edu.pe,6,0,1,0,0,0,1
qasrautoservices.com,6,0,0,1,0,0,1
seoflox.io,6,0,0,1,0,0,1
subhikh.com,6,0,0,2,0,0,1
timesofrising.com,6,0,0,1,0,0,1
toprankedworld.com,6,0,0,4,0,0,1
unfs.edu.pe,6,0,5,0,0,0,1
utasch.com,6,0,1,0,0,0,1
webyourself.eu,6,0,0,2,0,0,1
12disruptors.com,5,0,0,2,0,0,1
advisorwell.com,5,0,0,2,0,0,1
all-aged-domains.com,5,0,1,0,0,0,1
anchorurl.cloud,5,0,0,1,0,0,1
blogulr.com,5,0,0,2,0,0,1
businessegy.com,5,0,0,2,0,0,1
dripivplus.com,5,0,0,2,0,0,1
dubaidirectory.com,5,0,0,38,0,0,1
firstfinancepaper.com,5,0,0,2,0,0,1
iheartemirates.com,5,0,0,7,0,0,1
moralstory.org,5,0,0,3,0,0,1
nboxoffice.com,5,0,0,2,0,0,1
reviewsxp.com,5,0,0,1,0,0,1
screenshots.wiki,5,0,0,1,0,0,1
seoprobox.click,5,0,0,1,0,0,1
shortenurls.eu,5,0,0,1,0,0,1
smtp25.blogspot.com,5,0,0,1,0,0,1
storyballoon.org,5,0,1,0,0,0,1
stylview.com,5,0,0,2,0,0,1
techflas.com,5,0,0,2,0,0,1
thejvc.ae,5,0,0,3,0,0,1
uaefied.com,5,0,0,2,0,0,1
writingley.com,5,0,0,2,0,0,1
booksreadr.org,4,0,2,0,0,0,1
businessattract.com,4,0,0,2,0,0,1
cars-care.net,4,0,6,0,0,0,1
cemar.edu.pe,4,0,4,0,0,0,1
discover-dubai.ae,4,0,0,10,0,0,1
dorjblog.com,4,0,0,2,0,0,1
emsekflol.com,4,0,1,0,0,0,1
eyesicon.com,4,0,0,2,0,0,1
goooogla.com,4,0,2,0,0,0,1
imagetou.com,4,0,2,0,0,0,1
shazcars.com,4,0,1,0,0,0,1
sillyfantasy.com,4,0,0,2,0,0,1
siteworthchecker.net,4,0,1,0,0,0,1
sohoinchina.com,4,0,2,0,0,0,1
startupwebsolutions.com.au,4,0,41,0,0,0,1
swaggypost.com,4,0,0,2,0,0,1
techtablepro.com,4,0,0,2,0,0,1
webbys.pages.dev,4,0,0,1,0,0,1
australianwebdirectory.shop,3,0,2,0,0,0,1
beritapagi.id,3,0,2,0,0,0,1
getwebsiteworth.com,3,0,3,0,0,0,1
journalfact.com,3,0,0,1,0,0,1
juliandance.org,3,0,1,0,0,0,1
knowworld365.com,3,0,0,2,0,0,1
nettools.guru,3,0,1,0,0,0,1
qhtycw.com,3,0,1,0,0,0,1
ra-re.org,3,0,2,0,0,0,1
top-best.ai,3,0,0,1,0,0,1
1000.co.in,2,0,1,0,0,0,1
2x9.co,2,0,2,0,0,0,1
8coint.com,2,0,0,0,2,0,1
abreu-allan-d4184.firebaseapp.com,2,0,1,0,0,0,1
active4.de,2,0,1,0,0,0,1
acuraintegrags.netlify.app,2,0,1,0,0,0,1
addurl.in,2,0,0,1,0,0,1
agnespattiev2decor.web.app,2,0,1,0,0,0,1
alana-nichols-7631.web.app,2,0,1,0,0,0,1
alexdot.pages.dev,2,0,0,1,0,0,1
allisonornelaskup4.web.app,2,0,1,0,0,0,1
alljobs.info,2,0,2,0,0,0,1
alltopleveldomains.space,2,0,2,0,0,0,1
allwebsitesdirectory.com,2,0,3,0,0,0,1
appliancesleicesterv4u.web.app,2,0,2,0,0,0,1
arteza.fr,2,0,0,1,0,0,1
atukelpviralwallpaper.blogspot.com,2,0,1,0,0,0,1
australianwebdirectory.com,2,0,1,0,0,0,1
auto-racing-blog.com,2,0,1,0,0,0,1
auto21.netlify.app,2,0,2,0,0,0,1
autobatteryandelectricdarumushi.blogspot.com,2,0,1,0,0,0,1
autoinsurancecompaniespukuseki.blogspot.com,2,0,2,0,0,0,1
autorepairdirectories.com,2,0,1,0,0,0,1
autorepairshopbakashiku.blogspot.com,2,0,1,0,0,0,1
ayampedag.web.app,2,0,1,0,0,0,1
backyardsafaricomv4u.web.app,2,0,1,0,0,0,1
ballromanians.web.app,2,0,1,0,0,0,1
barbra-rodriguez-g3484.firebaseapp.com,2,0,1,0,0,0,1
barnes-johnierb3375.firebaseapp.com,2,0,2,0,0,0,1
benjamin-rosarior5787.firebaseapp.com,2,0,2,0,0,0,1
bestwebstats.com,2,0,3,0,0,0,1
big-map.net,2,0,0,24,0,0,1
bill-smithe6510.firebaseapp.com,2,0,1,0,0,0,1
bisprofit.com,2,0,0,1,0,0,1
blacksonwhites.com,2,0,2,0,0,0,1
blueinblue.com,2,0,0,1,0,0,1
brenda-winslow-9160.web.app,2,0,2,0,0,0,1
brizbot.com,2,0,1,0,0,0,1
capri.ae,2,0,0,2,0,0,1
car-service-centres-dubai-uae.blogspot.com,2,0,0,2,0,0,1
car67.netlify.app,2,0,2,0,0,0,1
carcarecentredubai.blogspot.com,2,0,0,2,0,0,1
carerasy.vercel.app,2,0,1,0,0,0,1
carpolishingdubai.blogspot.com,2,0,0,1,0,0,1
carservicingdubai.blogspot.com,2,0,0,1,0,0,1
carter-petra7507.firebaseapp.com,2,0,2,0,0,0,1
ccavfgf.blogspot.com,2,0,1,0,0,0,1
centralacmaintenancedubai.blogspot.com,2,0,0,2,0,0,1
chadstonemitsubishi.blogspot.com,2,0,0,1,0,0,1
charles-edmundsonmqp73.web.app,2,0,1,0,0,0,1
cheapsmmprovider.online,2,0,1,0,0,0,1
chevroletblazerdealer.web.app,2,0,1,0,0,0,1
cindylaup.com,2,0,0,1,0,0,1
classicalmag.com,2,0,0,2,0,0,1
closave.blogspot.com,2,0,2,0,0,0,1
codeworxdigital.co.uk,2,0,1,0,0,0,1
confitoulimdd.blogspot.com,2,0,1,0,0,0,1
contresap.web.app,2,0,1,0,0,0,1
courierwslimbg.blogspot.com,2,0,2,0,0,0,1
craig-solar-aky2239.firebaseapp.com,2,0,1,0,0,0,1
daniel-davisukw1235.firebaseapp.com,2,0,2,0,0,0,1
daniel-robinson-og8653.web.app,2,0,2,0,0,0,1
dapago.net,2,0,2,0,0,0,1
dcastxlimssd.blogspot.com,2,0,1,0,0,0,1
deborahmichaelko2j.web.app,2,0,1,0,0,0,1
decoupage-paper.com,2,0,1,0,0,0,1
denarablog.web.app,2,0,1,0,0,0,1
dennisparlante.com,2,0,0,1,0,0,1
developpement-local.info,2,0,1,0,0,0,1
directorydaddy.com,2,0,0,1,0,0,1
discoverinsideout.com,2,0,2,0,0,0,1
distrilist.eu,2,0,0,14,0,0,1
domain.com.lc,2,0,3,0,0,0,1
domainanalysis.org,2,0,3,0,0,0,1
domainsc.com,2,0,3,0,0,0,1
donaldkathleenlotr3.web.app,2,0,1,0,0,0,1
donaldleathersko2j.web.app,2,0,2,0,0,0,1
dyckman-erika-eoo2135.firebaseapp.com,2,0,1,0,0,0,1
ebonistacey.blogspot.com,2,0,2,0,0,0,1
ebookmarkspot.com,2,0,0,1,0,0,1
ecommercebenchmarking.com,2,0,1,0,0,0,1
egyptiandirectory.com,2,0,3,0,0,0,1
electric-car-charging.org,2,0,1,0,0,0,1
elennemaya.web.app,2,0,1,0,0,0,1
eleuterio-rufino.firebaseapp.com,2,0,1,0,0,0,1
eleuterio-rufino.web.app,2,0,1,0,0,0,1
elizabeth-ridge-s8851.web.app,2,0,2,0,0,0,1
ellis-lester-f3177.firebaseapp.com,2,0,1,0,0,0,1
elvia-shields-2757.firebaseapp.com,2,0,1,0,0,0,1
emraat.blogspot.com,2,0,0,2,0,0,1
epequotlimbf.blogspot.com,2,0,1,0,0,0,1
europianmedia.com,2,0,2,0,0,0,1
eva-harperqfu9334.firebaseapp.com,2,0,1,0,0,0,1
eva-harperqfu9334.web.app,2,0,1,0,0,0,1
extantnews.com,2,0,0,2,0,0,1
extaziwaplimdd.blogspot.com,2,0,1,0,0,0,1
factmags.com,2,0,4,0,0,0,1
faicbelimbf.blogspot.com,2,0,2,0,0,0,1
fairsnazzylimsssaq.blogspot.com,2,0,2,0,0,0,1
falajhazaelectronics.com,2,0,0,1,0,0,1
find.agency,2,0,0,1,0,0,1
findinfo.in,2,0,1,0,0,0,1
firstchevrolet.web.app,2,0,2,0,0,0,1
fiverr-seo-for-small-businesses.site,2,0,0,0,1,0,1
fix-a-battery.blogspot.com,2,0,0,1,0,0,1
fixanycar.ae,2,0,0,2,0,0,1
foengiisslimdffd.blogspot.com,2,0,4,0,0,0,1
fouljokelimbfw.blogspot.com,2,0,3,0,0,0,1
franjacksonfans.blogspot.com,2,0,1,0,0,0,1
frank-trianabu6669.firebaseapp.com,2,0,1,0,0,0,1
frank-trianabu6669.web.app,2,0,1,0,0,0,1
franklinharrisonk2ja.web.app,2,0,2,0,0,0,1
fransiscapulido.blogspot.com,2,0,1,0,0,0,1
gamerkun.com,2,0,1,0,0,0,1
garcia-jameszdr6754.firebaseapp.com,2,0,1,0,0,0,1
garcia-jameszdr6754.web.app,2,0,1,0,0,0,1
gaysequimlimdd.blogspot.com,2,0,4,0,0,0,1
gertieodom.blogspot.com,2,0,1,0,0,0,1
goldinvestingreviews.com,2,0,1,0,0,0,1
groupebsslimb.blogspot.com,2,0,1,0,0,0,1
groupebsslimbf.blogspot.com,2,0,3,0,0,0,1
guambuiltlimddd.blogspot.com,2,0,1,0,0,0,1
harian24.com,2,0,0,2,0,0,1
harveyresume.netlify.app,2,0,1,0,0,0,1
hebagh.cv,2,0,2,0,0,0,1
hendersonlilliek2ja.web.app,2,0,1,0,0,0,1
highrangegaragedubai1.blogspot.com,2,0,0,1,0,0,1
homefinance.co.in,2,0,1,0,0,0,1
howmticketlimfddd.blogspot.com,2,0,3,0,0,0,1
hyundaipalisadekona.web.app,2,0,1,0,0,0,1
ilonabrunner.blogspot.com,2,0,2,0,0,0,1
in-care-dintre.web.app,2,0,1,0,0,0,1
incesttruelimd.blogspot.com,2,0,1,0,0,0,1
indexaward.com,2,0,2,0,0,0,1
indians.cc,2,0,2,0,0,0,1
inleads.in,2,0,0,2,0,0,1
intokit.com,2,0,1,0,0,0,1
iraqmatrixlimbd.blogspot.com,2,0,2,0,0,0,1
isonade.pages.dev,2,0,1,0,0,0,1
jacqueline-webster68.web.app,2,0,3,0,0,0,1
janiceweatherspoonj1blog.web.app,2,0,1,0,0,0,1
janugosiska.web.app,2,0,1,0,0,0,1
jdcoxxxlimdg.blogspot.com,2,0,4,0,0,0,1
jennifer-castilloslu9416.firebaseapp.com,2,0,1,0,0,0,1
jenniferstevenko2j.web.app,2,0,2,0,0,0,1
jobhuntley.com,2,0,2,0,0,0,1
john-paulb9662.firebaseapp.com,2,0,2,0,0,0,1
june-obrien-u9755.firebaseapp.com,2,0,2,0,0,0,1
kacanghitamfagiolineridesign.web.app,2,0,1,0,0,0,1
kangkungcavolodesign.web.app,2,0,1,0,0,0,1
kelly-charlesworth-6981.firebaseapp.com,2,0,1,0,0,0,1
kione-franklin.netlify.app,2,0,2,0,0,0,1
koloidnosrebro.net,2,0,1,0,0,0,1
kookiebarzlimbg.blogspot.com,2,0,3,0,0,0,1
kreitmeyrlimbfda.blogspot.com,2,0,2,0,0,0,1
lai-li.netlify.app,2,0,2,0,0,0,1
leontinemcnulty.blogspot.com,2,0,1,0,0,0,1
lexus-istanbul.web.app,2,0,1,0,0,0,1
linda-fuentezm3196.firebaseapp.com,2,0,2,0,0,0,1
linksnatcher.com,2,0,3,0,0,0,1
lizettetovar.blogspot.com,2,0,1,0,0,0,1
ljrourkelimffds.blogspot.com,2,0,4,0,0,0,1
lofty-tibiabot.com,2,0,0,1,0,0,1
lovely-sw.netlify.app,2,0,11,0,0,0,1
lover-of-epochs.netlify.app,2,0,2,0,0,0,1
lydiaroyrealestate.com,2,0,1,0,0,0,1
managedservicebushitoshi.blogspot.com,2,0,1,0,0,0,1
margiejeffcoatp5ko.web.app,2,0,1,0,0,0,1
mary-villarealzr55.firebaseapp.com,2,0,3,0,0,0,1
maryarmentroutprt90.web.app,2,0,1,0,0,0,1
maryfransmuse.blogspot.com,2,0,2,0,0,0,1
matthew-brown53.web.app,2,0,1,0,0,0,1
mayo-aer.netlify.app,2,0,2,0,0,0,1
mayquway.web.app,2,0,3,0,0,0,1
mcclanahaneugenek2ja.web.app,2,0,1,0,0,0,1
mcgearhub.blogspot.com,2,0,1,0,0,0,1
mcguire-joseph-ka1279.firebaseapp.com,2,0,1,0,0,0,1
michael-ae.netlify.app,2,0,2,0,0,0,1
michael-brown-it40.firebaseapp.com,2,0,2,0,0,0,1
michaelblancheprt90.web.app,2,0,1,0,0,0,1
michelle-ditto1885.firebaseapp.com,2,0,1,0,0,0,1
mignonlockwoodprt90.web.app,2,0,1,0,0,0,1
milandsaga.netlify.app,2,0,5,0,0,0,1
model-t-forever.com,2,0,1,0,0,0,1
moneysaverworld.com,2,0,0,2,0,0,1
moneytuba.blogspot.com,2,0,2,0,0,0,1
morales-tony-6342.firebaseapp.com,2,0,1,0,0,0,1
mp3fresh.net,2,0,2,0,0,0,1
msmklawfirm.com,2,0,0,1,0,0,1
musweb.org,2,0,3,0,0,0,1
myautofix.com,2,0,1,0,0,0,1
myzdegreetire.blogspot.com,2,0,0,1,0,0,1
nicola-amy2461.firebaseapp.com,2,0,2,0,0,0,1
nowinteractasd.blogspot.com,2,0,117,0,0,0,1
ohtwo-deh.blogspot.com,2,0,2,0,0,0,1
olenestes.blogspot.com,2,0,2,0,0,0,1
olingparita.web.app,2,0,1,0,0,0,1
optimisedwebsites.com,2,0,1,0,0,0,1
orangmukmin-61.blogspot.com,2,0,2,0,0,0,1
pagesearch.net,2,0,2,0,0,0,1
pajero-owners-club-uae.blogspot.com,2,0,0,2,0,0,1
patchbytes.blogspot.com,2,0,0,1,0,0,1
paul-sandershj132.firebaseapp.com,2,0,2,0,0,0,1
pejuangwallpaper.github.io,2,0,2,0,0,0,1
perlawild.blogspot.com,2,0,3,0,0,0,1
petersondorotheak2ja.web.app,2,0,1,0,0,0,1
pinksmallappliancesv4u.web.app,2,0,2,0,0,0,1
poicircle.com,2,0,0,2,0,0,1
populartyres.blogspot.com,2,0,0,1,0,0,1
porscheworlds.web.app,2,0,5,0,0,0,1
prashikshan.in,2,0,1,0,0,0,1
preparation.co.in,2,0,1,0,0,0,1
price-uae.com,2,0,0,7,0,0,1
printables.com.de,2,0,1,0,0,0,1
procycling.org,2,0,1,0,0,0,1
pudhe.com,2,0,2,0,0,0,1
rapidactionra.blogspot.com,2,0,0,1,0,0,1
read.org.in,2,0,2,0,0,0,1
relaxed-clarke-962ca6.netlify.app,2,0,1,0,0,0,1
relaycolor.netlify.app,2,0,1,0,0,0,1
rene-mckenzie-3722.firebaseapp.com,2,0,1,0,0,0,1
rene-mckenzie-3722.web.app,2,0,1,0,0,0,1
restorationideas.netlify.app,2,0,1,0,0,0,1
rolf-muscarellawff3221.firebaseapp.com,2,0,2,0,0,0,1
runningwebsites.net,2,0,3,0,0,0,1
saintsebastianelitecollege.com,2,0,1,0,0,0,1
sally-robinette-lyy3706.web.app,2,0,2,0,0,0,1
samayemen.net,2,0,1,0,0,0,1
sanddance11.blogspot.com,2,0,0,1,0,0,1
sandra-halljn1716.firebaseapp.com,2,0,2,0,0,0,1
sapp-donaldow3286.web.app,2,0,2,0,0,0,1
sblisting.com,2,0,1,0,0,0,1
sean-mack-wm5259.web.app,2,0,1,0,0,0,1
seo-anomaly-d-1.xyz,2,0,0,20,0,0,1
seo-anomaly-d-10.xyz,2,0,0,20,0,0,1
seo-anomaly-d-11.xyz,2,0,0,2,0,0,1
seo-anomaly-d-12.xyz,2,0,0,2,0,0,1
seo-anomaly-d-13.xyz,2,0,0,2,0,0,1
seo-anomaly-d-14.xyz,2,0,0,2,0,0,1
seo-anomaly-d-16.xyz,2,0,0,2,0,0,1
seo-anomaly-d-17.xyz,2,0,0,2,0,0,1
seo-anomaly-d-18.xyz,2,0,0,2,0,0,1
seo-anomaly-d-19.xyz,2,0,0,2,0,0,1
seo-anomaly-d-2.xyz,2,0,0,20,0,0,1
seo-anomaly-d-20.xyz,2,0,0,2,0,0,1
seo-anomaly-d-21.xyz,2,0,0,2,0,0,1
seo-anomaly-d-22.xyz,2,0,0,2,0,0,1
seo-anomaly-d-23.xyz,2,0,0,2,0,0,1
seo-anomaly-d-24.xyz,2,0,0,2,0,0,1
seo-anomaly-d-25.xyz,2,0,0,2,0,0,1
seo-anomaly-d-26.xyz,2,0,0,2,0,0,1
seo-anomaly-d-27.xyz,2,0,0,2,0,0,1
seo-anomaly-d-28.xyz,2,0,0,2,0,0,1
seo-anomaly-d-29.xyz,2,0,0,2,0,0,1
seo-anomaly-d-3.xyz,2,0,0,19,0,0,1
seo-anomaly-d-30.xyz,2,0,0,2,0,0,1
seo-anomaly-d-4.xyz,2,0,0,20,0,0,1
seo-anomaly-d-5.xyz,2,0,0,20,0,0,1
seo-anomaly-d-6.xyz,2,0,0,20,0,0,1
seo-anomaly-d-7.xyz,2,0,0,19,0,0,1
seo-anomaly-d-8.xyz,2,0,0,20,0,0,1
seo-anomaly-d-9.xyz,2,0,0,20,0,0,1
sermarinitiffanee.blogspot.com,2,0,1,0,0,0,1
shadexephon.blogspot.com,2,0,1,0,0,0,1
shari-babb-5859.firebaseapp.com,2,0,1,0,0,0,1
sherw884a.blogspot.com,2,0,1,0,0,0,1
shinebeautybeacon.blogspot.com,2,0,0,2,0,0,1
smegroup-4c7a6.web.app,2,0,1,0,0,0,1
snipedieidee101.blogspot.com,2,0,3,0,0,0,1
spazio17.netlify.app,2,0,11,0,0,0,1
spazio19.netlify.app,2,0,4,0,0,0,1
sports-car-racing.org,2,0,1,0,0,0,1
store-listings.blogspot.com,2,0,1,0,0,0,1
studartcorrea.com.br,2,0,2,0,0,0,1
styletechfit.com,2,0,0,1,0,0,1
sugengbahagia.web.app,2,0,2,0,0,0,1
sviesoskariai.lt,2,0,1,0,0,0,1
tapalmbeaches.com,2,0,2,0,0,0,1
taxies.biz,2,0,1,0,0,0,1
terrencelutherlotr3.web.app,2,0,1,0,0,0,1
thecloudherald.com,2,0,1,0,0,0,1
thedrivewise.com,2,0,0,1,0,0,1
theeyecreative.com,2,0,1,0,0,0,1
theface.in,2,0,1,0,0,0,1
thefinancedean.com,2,0,0,1,0,0,1
thelma-mendoza-x5876.web.app,2,0,2,0,0,0,1
themumbai.in,2,0,1,0,0,0,1
thereserandalllotr3.web.app,2,0,2,0,0,0,1
thirty.co.in,2,0,2,0,0,0,1
tipidcoupon.com,2,0,0,1,0,0,1
tollfreenortonsupport.blogspot.com,2,0,0,1,0,0,1
toneycanty.blogspot.com,2,0,1,0,0,0,1
topbillion.net,2,0,1,0,0,0,1
tophappinessimages.blogspot.com,2,0,1,0,0,0,1
toplikevideo.com,2,0,0,0,2,0,1
tramitesusaypuertorico.com,2,0,1,0,0,0,1
trentcopley.blogspot.com,2,0,1,0,0,0,1
tunca.org,2,0,3,0,0,0,1
tyre.pro,2,0,1,0,0,0,1
tyres.pro,2,0,1,0,0,0,1
tyresshopiindubai.blogspot.com,2,0,0,1,0,0,1
uaewebdirectory.info,2,0,1,0,0,0,1
usacompany.info,2,0,2,0,0,0,1
uspsinternationalcustomerservicephone.blogspot.com,2,0,1,0,0,0,1
viewuae.net,2,0,0,1,0,0,1
violet-davis-l5310.firebaseapp.com,2,0,2,0,0,0,1
wallpapers.pro,2,0,3,0,0,0,1
way2check.art,2,0,2,0,0,0,1
way2check.cv,2,0,3,0,0,0,1
web2times.com,2,0,2,0,0,0,1
webrankindia.com,2,0,1,0,0,0,1
webservices.co.in,2,0,1,0,0,0,1
websiterace.com,2,0,3,0,0,0,1
websitescrawl.art,2,0,2,0,0,0,1
websitesea.com,2,0,1,0,0,0,1
webstream.click,2,0,1,0,0,0,1
webworthchecker.cv,2,0,2,0,0,0,1
wikipoint.ae,2,0,0,4,0,0,1
willettonuniforms.com.au,2,0,4,0,0,0,1
williamsbennettk2ja.web.app,2,0,1,0,0,0,1
williamsoledadkup4.web.app,2,0,2,0,0,0,1
wonvision.com,2,0,2,0,0,0,1
xelentcaexp.shop,2,0,2,0,0,0,1
xerodrive.com,2,0,0,2,0,0,1
ycm.info,2,0,2,0,0,0,1
yesdomains.space,2,0,3,0,0,0,1
youtoo.in,2,0,1,0,0,0,1
yumeseki.blogspot.com,2,0,1,0,0,0,1
5913231.cc,0,0,1,0,0,0,1
australianwebdirectory.pro,0,0,1,0,0,0,1
autogarageuznach.blogspot.com,0,0,1,0,0,0,1
carports.pages.dev,0,0,1,0,0,0,1
dastest2017.blogspot.com,0,0,0,1,0,0,1
domainwork.space,0,0,1,0,0,0,1
fideladonnelly.blogspot.com,0,0,0,1,0,0,1
humzahschwartz.blogspot.com,0,0,1,0,0,0,1
izmir-fen-lisesi.netlify.app,0,0,13,0,0,0,1
linksnatcher.art,0,0,1,0,0,0,1
queries.co.in,0,0,1,0,0,0,1
sellcarsaudiarabia.weebly.com,0,0,1,0,0,0,1
seogeko.shop,0,0,0,0,2,0,1
sites.loseyourip.com,0,0,0,0,1,0,1
topleveldomains.space,0,0,2,0,0,0,1
tyresindubai.blogspot.com,0,0,0,1,0,0,1
xidyllicx.blogspot.com,0,0,4,0,0,0,1
