Keyword,Intent,Volume,Trend,Keyword Difficulty,CPC (USD),SERP Features
ppf,Informational,2900,"0.81,0.67,0.81,1.00,1.00,0.81,0.67,0.81,1.00,0.81,0.67,0.81",13,3.29,"Sitelinks, AI Overview, Video, Video carousel, Short videos, People also ask, Related searches"
ppf calculator,Informational,1300,"0.77,0.77,1.00,1.00,1.00,0.77,0.77,1.00,1.00,0.77,0.77,1.00",32,1.28,"Video, People also ask, Related searches"
ppf coating,Informational,590,"1.00,0.82,1.00,0.82,1.00,0.82,0.82,0.82,1.00,1.00,0.67,0.67",9,3.13,"AI Overview, Video, Video carousel, Short videos, People also ask, Related searches"
ppf dubai,Commercial,590,"0.72,0.48,0.48,0.48,1.00,0.48,0.48,0.48,0.59,0.48,0.48,0.39",33,5.95,"Sitelinks, Image, Local pack, Related searches"
ppf car,Informational,480,"0.16,0.16,0.16,0.20,0.20,0.24,0.24,0.37,0.30,0.37,0.45,1.00",36,3.80,"Sitelinks, AI Overview, Video, Video carousel, Related searches"
xpel ppf,Navigational,480,"1.00,0.81,1.00,0.81,0.67,1.00,1.00,0.81,1.00,1.00,0.81,0.81",24,3.57,"Sitelinks, People also ask, Related searches, Ads bottom"
ppf interest rate,Informational,320,"0.67,0.81,0.81,0.67,0.67,0.54,0.54,0.67,0.81,0.54,0.67,1.00",44,1.82,"AI Overview, Video, People also ask, Related searches"
ppf in dubai,Commercial,210,"0.54,0.54,0.35,0.23,1.00,0.29,0.23,0.23,0.29,0.19,0.19,0.19",32,6.97,"Sitelinks, Video, People also ask, Local pack, Related searches"
ppf meaning,Informational,210,"0.65,0.81,0.81,0.81,0.81,1.00,0.81,0.81,1.00,1.00,0.81,0.81",9,3.46,"AI Overview, Image pack, Video, Short videos, People also ask, Related searches"
ppf للسيارات,Informational,210,"0.54,0.36,0.54,0.44,1.00,0.44,0.44,0.36,0.44,0.44,0.44,0.54",15,1.97,"Sitelinks, AI Overview, Video, Video carousel, People also ask, Related searches"
ppf paint protection,"Informational, Transactional",170,"0.01,0.01,0.01,0.01,0.01,0.05,0.19,0.24,1.00,1.00,0.01,0.01",35,3.18,"Sitelinks, AI Overview, Video, Video carousel, Short videos, People also ask, Knowledge panel, Related searches"
3m ppf,Informational,140,"0.67,0.52,0.43,0.52,1.00,0.52,0.52,0.43,0.52,0.67,0.43,0.67",41,3.40,"Sitelinks, Video, People also ask, Related searches"
car ppf near me,Commercial,140,"0.34,0.44,0.28,0.22,0.44,0.34,0.28,1.00,0.34,0.34,0.44,0.16",28,4.55,"Sitelinks, Image, Video, People also ask, Local pack, Related searches"
post office ppf calculator,Informational,140,"0.65,0.82,1.00,0.82,1.00,1.00,0.82,1.00,0.82,0.65,0.82,0.82",29,0.00,"Video, People also ask, Related searches"
postal ppf calculator,Informational,140,"0.65,0.82,1.00,0.82,1.00,1.00,0.82,1.00,0.82,0.65,0.82,0.82",26,1.65,"Video, People also ask, Related searches"
ppf account,Informational,140,"0.82,0.82,1.00,1.00,0.82,0.65,0.82,0.65,1.00,1.00,1.00,1.00",31,2.22,"AI Overview, Video, Video carousel, People also ask, Related searches"
ppf film,Informational,140,"0.01,0.01,0.01,0.01,0.01,0.07,0.19,0.54,1.00,0.29,0.01,0.01",14,3.18,"AI Overview, Video, Video carousel, People also ask, Related searches"
ppf full form,Informational,140,"1.00,1.00,0.79,1.00,1.00,0.79,0.79,0.79,1.00,0.64,0.64,0.79",30,0.00,"AI Overview, Image pack, Video, People also ask, Related searches"
matte ppf,Informational,110,"0.82,1.00,0.82,0.82,0.64,0.82,1.00,1.00,1.00,1.00,0.82,0.82",3,3.04,"Sitelinks, AI Overview, Video, Video carousel, Short videos, People also ask, Related searches"
ppf calculator online sbi,Informational,110,"0.53,0.65,0.82,0.53,1.00,0.53,0.53,0.53,0.65,0.53,0.53,0.53",28,1.26,"Video, People also ask, Related searches"
ppf calculator sbi,Informational,110,"0.53,0.65,0.82,0.53,1.00,0.53,0.53,0.53,0.65,0.53,0.53,0.53",32,2.08,"Video, People also ask, Related searches"
stek ppf,Informational,110,"0.53,0.53,0.65,0.53,0.53,0.82,0.65,0.41,0.82,1.00,0.82,0.82",7,2.46,"Video, Video carousel, Short videos, People also ask, Related searches"
what is ppf,Informational,110,"1.00,0.79,0.79,0.79,1.00,1.00,0.79,0.79,0.79,1.00,0.64,0.79",21,2.08,"Featured snippet, Video, Video carousel, People also ask, Related searches"
ppf economics,Informational,90,"0.42,0.12,0.08,0.19,1.00,0.65,0.42,0.19,0.54,0.42,0.27,0.35",25,0.00,"Sitelinks, AI Overview, Image pack, Video, Video carousel, People also ask, Related searches"
ppf wrap,Informational,70,"0.11,0.78,0.22,0.33,0.11,0.11,1.00,0.11,0.11,1.00,0.11,0.44",14,3.57,"AI Overview, Video, Video carousel, Short videos, People also ask, Related searches"
ppf coating price,Informational,50,"0.12,0.41,0.06,0.06,0.06,0.12,0.06,1.00,0.06,0.06,0.06,0.12",15,2.40,"Sitelinks, AI Overview, Image pack, Video, People also ask, Related searches"
ppf graph,Informational,40,"0.03,0.03,0.03,0.08,0.03,1.00,0.03,0.03,0.03,0.05,0.10,0.03",24,0.00,"AI Overview, Image, Video, Video carousel, Short videos, People also ask, Related searches"
ppf interest rate in india,,40,"0.22,0.22,0.11,1.00,1.00,0.33,0.11,0.22,0.22,0.56,0.33,0.44",,0.00,
ppf to pdf,Informational,40,"0.04,0.04,0.04,0.08,0.04,0.04,0.04,0.19,0.04,0.12,1.00,0.04",43,0.03,"Video, People also ask, Related searches"
3m ppf cost,Informational,30,"0.14,0.29,0.14,0.14,1.00,0.57,0.43,0.14,0.71,0.29,0.71,0.14",16,2.10,"Sitelinks, AI Overview, Image pack, Video, People also ask, Related searches"
3m ppf vs xpel,Informational,30,"0.78,1.00,0.11,0.22,0.11,0.11,0.56,0.11,0.11,0.11,0.11,0.11",7,0.00,"Sitelinks, AI Overview, Video, Video carousel, People also ask, Related searches"
axis bank ppf,Informational,30,"1.00,0.33,0.33,0.11,0.22,0.56,0.11,0.11,0.22,0.33,0.11,0.11",27,0.00,"Video, Video carousel, People also ask, Related searches"
axis ppf,Informational,30,"0.29,0.57,0.14,0.57,0.29,1.00,0.14,0.14,0.14,0.14,0.14,0.14",26,0.00,"Video, Video carousel, People also ask, Related searches"
axis ppf account,Informational,30,"0.78,0.56,0.11,0.56,0.22,1.00,0.33,0.11,0.11,0.11,0.11,0.22",32,0.00,"Video, People also ask"
best ppf film,,30,"0.11,0.11,0.33,0.56,0.44,0.11,0.11,0.56,0.22,0.22,0.11,1.00",,2.63,
can nri invest in ppf,,30,"0.11,0.11,0.22,0.22,1.00,0.11,0.56,0.22,0.22,0.11,1.00,0.11",,0.00,
ceramic coating vs ppf,Informational,30,"0.14,1.00,0.14,0.14,0.71,0.29,0.14,0.57,0.29,0.14,0.43,0.14",10,2.79,"Sitelinks, AI Overview, Image pack, Video, Video carousel, People also ask, Related searches"
how much to ppf a car,,30,"0.11,1.00,0.56,0.11,0.11,0.22,0.11,0.11,1.00,0.22,0.44,0.11",,0.00,
how to close ppf account in sbi,,30,"0.11,0.11,0.11,0.22,0.11,0.78,0.11,0.11,0.22,1.00,0.78,0.22",,0.00,
how to invest in ppf,,30,"1.00,0.33,0.11,0.11,0.56,0.11,0.11,0.11,0.11,0.11,0.33,0.78",,0.00,
how to open ppf account,,30,"0.56,0.22,0.11,0.11,0.11,0.44,0.11,0.11,0.44,0.11,1.00,0.11",,1.69,
indian post office ppf calculator,,30,"0.56,0.44,0.11,1.00,0.11,0.33,0.11,0.11,0.33,0.11,0.11,0.11",,0.00,
norm ppf,,30,"0.22,0.11,0.11,1.00,0.11,0.22,0.33,0.78,0.11,0.11,0.11,0.11",,0.00,
open ppf account online sbi,,30,"0.14,0.14,0.71,0.14,0.14,0.14,1.00,0.14,0.71,1.00,0.29,0.14",,0.00,
post office ppf account online,,30,"0.22,0.78,1.00,0.11,0.11,0.44,0.11,0.56,0.11,0.44,0.11,0.11",,0.00,
ppf account login,,30,"1.00,0.11,0.11,0.56,0.33,0.56,1.00,0.11,0.11,0.11,0.11,0.11",,0.00,
ppf account opening in post office,,30,"0.78,0.11,0.11,0.11,0.11,0.11,0.44,0.11,0.11,0.22,1.00,0.11",,0.00,
ppf and opportunity cost,,30,"0.11,0.11,0.22,0.11,0.56,0.11,0.11,0.78,0.11,1.00,0.11,0.11",,0.00,
ppf car film,,30,"0.11,0.78,0.11,0.11,0.11,0.33,0.11,0.11,1.00,0.11,1.00,0.11",,0.00,
ppf cutting machine,,30,"0.11,0.11,0.22,0.11,0.11,0.11,0.22,1.00,0.11,0.44,0.22,0.56",,0.39,
ppf cutting software,"Informational, Transactional",30,"0.78,0.11,0.11,0.11,0.22,0.78,0.11,1.00,0.11,0.33,0.33,0.11",7,0.93,"Image pack, Video, Video carousel"
ppf diagram economics,,30,"0.11,0.11,0.56,0.11,0.11,0.44,0.78,0.11,1.00,0.11,0.11,0.11",,0.00,
ppf eligibility,,30,"0.14,0.14,0.71,0.14,0.14,1.00,0.43,0.14,0.14,0.14,0.71,0.57",,0.00,
ppf example,,30,"0.29,0.57,0.29,0.14,0.14,0.43,1.00,0.71,0.29,0.29,0.14,0.14",,0.00,
ppf interest rate history,,30,"1.00,0.57,0.43,0.43,0.29,0.14,1.00,0.29,0.14,1.00,0.14,0.14",,0.00,
ppf maximum limit,,30,"0.11,0.11,0.22,1.00,0.11,0.11,0.11,0.44,0.78,1.00,0.11,0.11",,0.00,
ppf news,,30,"0.14,0.29,0.57,0.29,0.14,0.14,1.00,0.14,1.00,0.43,0.43,0.14",,0.00,
ppf online,,30,"1.00,0.11,0.11,0.33,0.11,0.11,0.78,0.11,0.11,0.44,0.11,0.11",,0.00,
ppf or ceramic,,30,"0.14,0.71,0.14,1.00,0.29,1.00,0.14,0.14,0.00,0.71,0.43,0.00",,0.00,
ppf paint protection film,Informational,30,"0.14,0.29,0.14,0.14,0.43,0.14,0.71,0.29,0.14,0.71,0.29,1.00",12,3.13,"Sitelinks, AI Overview, Video, Video carousel, People also ask, Knowledge panel, Related searches"
ppf pipe,,30,"0.11,0.11,0.11,1.00,0.33,0.11,0.11,0.56,0.44,0.22,0.11,0.11",,0.00,
ppf plan,,30,"0.11,0.11,0.11,0.11,0.11,0.78,0.11,0.11,0.33,0.11,0.44,1.00",,1.53,
ppf uae,Informational,30,"1.00,0.11,0.11,0.11,0.56,0.22,0.11,0.22,0.78,0.11,0.56,0.11",22,3.81,"Video, People also ask, Related searches"
ppf withdrawal,,30,"0.43,0.14,0.29,0.14,0.14,0.57,0.14,1.00,0.14,0.71,0.14,0.71",,0.00,
ppf معنى,,30,"0.11,1.00,0.11,0.22,0.33,0.11,0.11,0.33,0.56,0.11,0.56,0.33",,0.00,
sbi ppf account interest rate,,30,"0.71,0.14,0.57,0.14,1.00,0.43,0.14,0.14,0.71,0.71,0.29,0.29",,0.00,
sbi ppf interest rate,,30,"0.11,0.11,0.11,0.33,0.11,0.11,0.11,0.78,0.11,0.22,1.00,0.22",,0.00,
sbi ppf online,,30,"0.14,0.14,0.14,0.14,0.71,0.14,1.00,0.57,0.14,0.14,1.00,0.14",,0.00,
suntek ppf dubai,Informational,30,"0.78,0.78,0.11,0.44,0.11,1.00,0.11,0.11,0.11,0.22,0.11,0.33",9,4.46,"Sitelinks, Video, Video carousel, People also ask, Knowledge panel, Related searches"
tok ppf,,30,"0.11,0.11,0.33,0.11,0.33,0.11,1.00,0.11,0.33,0.11,0.56,0.56",,0.00,
v kool ppf,Informational,30,"0.11,0.22,0.11,0.11,0.11,0.11,0.78,0.11,0.11,1.00,0.33,0.11",9,2.34,"Sitelinks, Video, Video carousel, Short videos, People also ask, Related searches"
vehicle ppf,Informational,30,"0.11,0.11,0.11,0.11,1.00,0.11,0.11,1.00,0.22,0.11,0.22,0.78",28,3.62,"AI Overview, Video, Video carousel, People also ask, Local pack, Related searches"
xpel ppf cleaner,,30,"0.11,0.11,0.11,0.22,1.00,0.11,0.11,0.11,0.22,0.11,1.00,0.56",,0.00,
4.5 12.6 ppf tubing id,,20,"0.25,0.25,0.50,0.25,0.25,0.50,1.00,0.25,0.25,0.25,0.50,0.25",,0.00,
avery dennison ppf review,,20,"0.11,0.11,0.11,0.11,0.11,0.11,0.11,0.22,0.22,1.00,0.11,0.33",,3.48,
axis bank ppf account,,20,"0.29,1.00,0.14,0.14,0.14,0.14,0.14,0.43,0.14,0.71,0.14,0.14",,0.00,
bank of baroda ppf account,,20,"0.20,0.40,1.00,0.20,0.20,0.20,0.40,0.40,0.20,1.00,0.20,0.20",,0.00,
bank of baroda ppf calculator,,20,"0.11,1.00,0.11,0.22,0.33,0.11,0.44,0.11,0.11,0.11,0.11,0.11",,0.00,
bank of india ppf interest rate,,20,"0.00,1.00,0.11,0.00,0.33,0.00,0.33,0.11,0.44,0.00,0.11,0.00",,0.00,
bodyfence ppf review,,20,"0.14,0.14,0.14,0.14,0.14,1.00,0.43,0.71,0.14,0.14,0.14,0.14",,0.00,
bowed out ppf,,20,"0.00,0.00,0.20,0.40,0.20,1.00,1.00,0.00,0.00,0.60,0.40,0.00",,0.00,
can we open ppf account online,,20,"0.20,1.00,0.20,0.20,0.80,0.00,0.00,0.00,0.20,1.00,0.20,0.00",,0.00,
car wrap ppf,,20,"0.14,0.29,1.00,0.29,0.14,0.14,0.14,0.14,0.43,0.14,0.14,0.14",,0.00,
ceramic coating on ppf,,20,"0.40,0.20,0.20,1.00,0.20,0.80,0.20,0.20,0.20,0.40,0.20,0.00",,0.00,
current ppf interest rate,,20,"1.00,0.14,0.14,0.14,0.14,0.14,0.14,0.43,0.14,0.14,0.71,0.14",,0.00,
define ppf in economics,,20,"0.29,0.29,0.43,1.00,0.14,0.14,0.14,0.14,0.29,0.43,0.14,0.14",,0.00,
hdfc ppf,,20,"0.43,0.14,0.14,0.29,0.14,0.14,0.14,0.14,0.14,1.00,0.14,0.57",,0.00,
hdfc ppf account,,20,"0.20,0.20,0.40,0.60,0.20,0.40,0.20,0.20,0.20,0.20,0.20,1.00",,0.00,
hdfc ppf interest rate,,20,"0.20,0.20,1.00,0.40,0.20,0.20,0.40,0.40,0.20,0.20,1.00,0.20",,0.00,
how does ppf work,,20,"0.40,0.20,0.20,0.60,0.60,0.20,1.00,0.20,0.20,0.40,0.20,0.20",,0.00,
how ppf works,,20,"1.00,0.20,1.00,0.20,0.20,1.00,0.20,0.20,0.00,0.20,0.20,0.00",,0.00,
how to calculate opportunity cost ppf,,20,"0.25,1.00,0.25,0.25,0.25,0.75,0.25,0.25,1.00,0.25,0.25,0.75",,0.00,
how to open ppf account in hdfc,,20,"0.14,0.14,0.14,0.43,0.29,0.43,1.00,0.14,0.14,0.14,0.14,0.14",,0.00,
how to open ppf account in post office,,20,"0.25,0.50,0.50,0.25,0.25,0.25,0.75,0.50,1.00,0.25,0.25,0.25",,0.00,
how to open ppf account in sbi,,20,"0.14,0.14,0.14,0.29,0.57,0.14,0.43,0.14,1.00,0.14,0.14,0.43",,0.00,
how to open ppf account in sbi online,,20,"0.40,0.20,0.20,1.00,0.20,0.20,0.20,0.40,0.20,0.40,0.20,0.20",,0.00,
how to remove ppf,,20,"0.11,0.22,0.11,0.11,0.11,1.00,0.11,0.11,0.11,0.11,0.11,0.11",,0.00,
icici ppf,,20,"0.14,0.29,0.14,0.14,0.14,0.14,0.14,0.14,1.00,0.14,0.14,0.14",,0.00,
icici ppf interest rate,,20,"0.25,0.50,0.25,0.25,0.25,0.25,0.25,0.25,0.25,1.00,0.50,0.50",,0.00,
indian bank ppf account,,20,"0.14,0.14,0.14,0.00,0.14,0.43,0.00,0.14,1.00,0.43,0.00,0.00",,0.00,
indian post office ppf,,20,"0.14,0.14,0.14,0.14,0.14,0.14,0.14,1.00,0.14,0.14,0.14,0.14",,0.00,
indian postal ppf calculator,,20,"0.11,0.44,1.00,0.11,0.11,0.11,0.22,0.11,0.11,0.11,0.11,0.11",,0.00,
is ppf really worth it,,20,"0.25,0.00,0.75,0.25,0.25,0.25,0.25,0.50,0.25,1.00,1.00,0.00",,0.00,
is ppf worth it,,20,"0.14,0.14,0.29,0.14,0.29,0.43,0.57,0.14,0.43,1.00,0.14,0.14",,4.25,
kavaca ppf,,20,"0.20,0.20,0.20,0.20,0.40,0.40,0.20,1.00,0.20,0.20,0.40,0.00",,0.00,
kdx ppf,,20,"0.14,0.14,0.14,0.14,0.14,0.14,0.43,0.29,0.14,0.43,1.00,0.14",,1.93,
latest ppf interest rate,,20,"0.25,1.00,0.75,0.25,0.25,0.50,1.00,0.50,0.25,0.50,0.25,0.25",,0.00,
llumar ppf,,20,"0.43,0.29,0.14,0.14,0.14,0.14,0.14,1.00,0.14,0.14,0.29,0.43",,3.41,
mactac ppf,,20,"0.11,1.00,0.11,0.22,0.78,0.11,0.11,0.11,0.11,0.22,0.11,0.11",,0.00,
matt ppf,,20,"0.43,0.29,0.14,0.14,0.29,0.14,0.14,0.14,0.14,1.00,0.14,0.14",,4.27,
nri can open ppf account,,20,"0.40,0.20,0.20,0.20,0.20,0.20,0.20,0.20,0.40,0.20,0.40,1.00",,0.00,
nri can open ppf account in india,,20,"0.40,0.40,0.20,0.20,0.20,0.20,0.60,1.00,0.20,0.20,0.20,0.40",,0.00,
open ppf,,20,"0.71,0.14,0.14,0.14,0.29,0.29,0.00,0.14,0.71,0.14,1.00,0.00",,0.00,
post office ppf online,,20,"0.60,0.40,0.20,0.20,0.20,0.40,0.20,0.40,0.20,0.20,1.00,0.20",,0.00,
post office ppf scheme,,20,"0.20,0.20,0.20,0.60,0.20,0.20,0.20,1.00,0.20,0.80,0.20,0.20",,0.00,
ppf account calculator,,20,"0.20,0.60,1.00,0.20,0.20,0.40,0.20,0.40,0.20,0.20,0.20,0.20",,0.00,
ppf account calculator sbi,,20,"0.60,0.20,0.20,0.20,0.20,0.20,0.40,0.40,1.00,0.40,0.20,0.60",,0.00,
ppf account details,,20,"0.40,0.20,0.20,0.60,0.40,0.40,0.20,0.80,0.20,0.20,1.00,0.20",,0.00,
ppf account for nri,,20,"0.14,0.14,1.00,0.14,0.14,0.14,0.14,0.29,0.14,1.00,0.14,0.14",,0.00,
ppf account in union bank of india,,20,"0.67,1.00,0.33,0.33,0.67,0.67,1.00,0.33,0.33,0.33,0.33,1.00",,0.00,
ppf account interest rate,,20,"0.14,0.14,0.14,0.14,0.29,0.14,0.14,0.14,0.29,1.00,0.14,0.14",,0.00,
ppf account online,,20,"0.20,0.20,1.00,0.20,0.60,0.20,0.20,0.20,1.00,0.20,0.20,0.20",,1.83,
ppf account opening,,20,"0.25,0.25,0.75,0.50,0.25,0.25,0.25,0.25,0.25,1.00,0.25,0.25",,2.34,
ppf account rules,,20,"0.20,0.40,0.20,0.20,0.20,0.20,0.20,1.00,0.80,0.20,0.20,0.20",,0.00,
ppf after 15 years,,20,"0.20,0.20,0.20,0.80,0.20,0.20,0.20,1.00,0.20,0.40,0.20,0.80",,0.00,
ppf bank of baroda,,20,"0.80,0.20,0.20,0.80,0.20,0.20,0.60,1.00,0.80,0.20,0.20,0.60",,0.00,
ppf benefits,,20,"0.14,0.14,0.14,0.14,0.43,0.14,0.14,0.14,0.14,0.14,0.43,1.00",,1.32,
ppf calculator axis bank,,20,"0.50,0.25,0.25,1.00,0.50,0.75,0.25,0.25,0.25,0.25,0.25,0.25",,0.00,
ppf calculator excel,,20,"0.14,0.14,0.14,0.29,0.14,0.14,0.14,0.14,0.14,0.14,0.14,1.00",,0.00,
ppf calculator icici,,20,"0.29,0.14,0.43,1.00,0.14,0.43,0.14,0.14,0.14,0.57,0.14,0.14",,0.00,
ppf calculator icici bank,,20,"0.14,0.14,0.14,0.14,0.29,1.00,0.71,0.14,0.14,0.71,0.14,0.14",,0.00,
ppf car cost,,20,"0.14,1.00,0.14,0.14,0.14,0.14,0.14,0.14,0.14,0.29,0.57,0.14",,0.00,
ppf ceramic coating,,20,"0.14,0.14,0.14,0.14,1.00,0.14,0.71,0.29,0.29,0.14,0.29,0.29",,2.82,
ppf chart,,20,"0.11,0.11,0.11,0.11,1.00,0.11,0.22,0.33,0.56,0.11,0.11,0.11",,0.00,
ppf coating cost,,20,"0.14,0.71,0.29,0.14,0.14,0.14,0.14,0.14,0.43,0.29,0.14,1.00",,0.00,
ppf company,,20,"0.25,0.25,0.75,0.25,0.75,0.25,0.50,0.25,0.25,0.75,1.00,0.25",,3.13,
ppf cost,,20,"0.11,0.11,0.22,0.11,0.22,0.11,0.22,0.11,1.00,0.11,0.11,0.11",,2.54,
ppf curve,,20,"0.11,0.11,0.11,0.11,0.11,0.11,0.11,0.33,0.11,0.11,1.00,0.22",,0.00,
ppf deposit limit,,20,"0.20,1.00,0.20,0.20,0.40,0.20,0.60,0.20,0.40,0.20,0.20,0.60",,0.00,
ppf distributor,,20,"0.11,0.11,0.11,0.11,0.11,1.00,0.11,0.11,0.33,0.22,0.11,0.11",,0.00,
ppf film car,,20,"0.50,1.00,1.00,0.25,0.50,0.25,0.50,0.75,0.25,0.25,0.25,0.75",,0.00,
ppf for sale,,20,"0.11,0.11,0.33,0.11,0.22,1.00,0.11,0.11,0.11,0.11,0.22,0.22",,0.00,
ppf graph economics,,20,"0.40,0.20,0.60,0.20,0.20,0.40,0.80,1.00,0.20,0.20,0.20,0.20",,0.00,
ppf headlight,,20,"0.11,0.11,0.11,0.11,0.11,0.11,0.11,0.11,1.00,0.11,0.11,0.44",,1.85,
ppf in indian bank,,20,"0.11,0.11,1.00,0.11,0.22,0.00,0.11,0.00,0.11,0.11,0.22,0.00",,0.00,
ppf installation,,20,"0.20,0.20,0.40,0.80,0.20,0.40,0.20,0.80,0.20,0.80,1.00,0.20",,3.75,
ppf installation cost,,20,"0.11,0.11,0.11,0.11,0.11,1.00,0.11,0.11,0.11,0.11,0.11,0.78",,0.00,
ppf installation gel,,20,"0.20,0.20,0.20,0.60,0.60,0.20,0.20,0.20,0.20,0.20,1.00,0.20",,0.00,
ppf installers near me,,20,"0.14,0.14,0.14,1.00,0.14,1.00,0.00,0.29,0.00,0.14,0.00,0.00",,0.00,
ppf interest calculator,,20,"1.00,0.40,0.20,0.60,0.80,0.20,0.20,0.20,0.20,0.80,0.20,0.20",,0.00,
ppf interest rate hdfc,,20,"0.20,0.20,0.20,0.20,0.80,0.20,0.60,1.00,0.40,0.20,1.00,0.20",,0.00,
ppf intrest rate,,20,"0.75,0.25,0.25,0.25,0.50,0.25,0.50,0.25,0.50,0.25,1.00,0.25",,0.00,
ppf investment for nri,,20,"0.20,0.20,1.00,0.00,0.20,1.00,0.20,0.00,0.20,0.40,0.40,0.00",,0.00,
ppf limit per year,,20,"0.22,1.00,0.11,0.11,0.33,0.11,0.33,0.11,0.11,0.11,0.11,0.11",,0.00,
ppf login,,20,"0.14,0.43,0.14,0.29,0.43,0.14,0.14,0.14,0.14,0.14,1.00,0.14",,0.00,
ppf material,,20,"0.14,0.14,0.14,0.14,0.14,0.14,1.00,0.14,0.14,0.14,0.14,0.14",,1.19,
ppf maturity,,20,"0.14,0.57,0.14,0.14,1.00,0.43,0.43,0.14,0.14,0.14,0.14,0.29",,0.00,
ppf medical abbreviation,,20,"0.11,0.00,0.11,0.78,0.11,0.11,0.11,0.00,0.11,1.00,0.11,0.00",,0.00,
ppf minimum amount,,20,"0.14,0.71,0.14,0.14,1.00,0.29,0.14,0.14,0.14,0.14,0.14,0.43",,0.00,
ppf o matic,,20,"0.11,0.00,0.78,1.00,0.11,0.11,0.11,0.00,0.11,0.11,0.44,0.00",,0.00,
ppf online payment,,20,"0.14,0.14,0.14,1.00,0.43,0.14,0.14,0.57,0.71,0.14,0.29,0.14",,0.00,
ppf or ceramic coating,,20,"0.75,0.25,0.25,1.00,0.25,0.25,0.25,0.25,1.00,0.25,0.25,0.25",,3.33,
ppf packages,,20,"0.20,0.80,0.40,0.20,0.20,1.00,0.20,0.20,0.20,0.40,0.20,0.20",,0.00,
ppf paint protection film cost,,20,"0.11,0.11,0.11,0.11,0.11,0.22,0.11,0.11,1.00,0.11,0.78,0.33",,0.00,
ppf pension,,20,"0.43,0.14,0.14,0.43,0.29,0.14,0.14,0.14,0.14,1.00,0.14,0.14",,0.00,
ppf plastic,,20,"0.14,0.14,0.14,1.00,0.43,0.43,0.14,0.57,0.14,0.57,0.14,0.29",,0.00,
ppf protection,,20,"0.40,0.20,0.20,0.20,0.20,0.40,1.00,0.20,0.60,0.20,0.20,0.20",,3.86,
ppf protection car,,20,"0.20,0.20,1.00,0.20,0.20,0.20,0.60,0.20,0.20,0.20,0.20,0.20",,0.00,
ppf rate,,20,"0.22,0.11,0.11,0.56,0.11,1.00,0.22,0.11,0.44,0.11,0.11,0.11",,0.00,
ppf rates in india,,20,"0.57,0.14,0.29,0.14,1.00,0.29,0.14,0.14,0.43,0.29,0.29,0.43",,0.00,
ppf return calculator,,20,"0.11,0.11,0.11,0.11,0.33,1.00,0.22,0.11,0.33,0.22,0.11,0.11",,0.00,
ppf rules,,20,"0.67,0.33,0.33,0.33,0.33,0.67,0.67,1.00,0.67,0.33,0.33,0.33",,0.00,
ppf scheme,,20,"0.11,0.44,0.11,0.11,0.11,0.11,0.11,0.56,0.11,0.11,0.11,1.00",,1.53,
ppf tenure,,20,"0.14,0.14,0.71,0.14,1.00,0.14,0.14,1.00,0.14,0.14,0.14,0.14",,0.00,
ppf vs ceramic coating,,20,"0.11,0.11,0.33,0.11,0.11,1.00,0.11,0.11,0.33,0.11,0.11,0.22",,3.46,
ppf vs fd,,20,"0.25,0.25,0.25,0.50,0.25,0.25,0.75,0.25,0.25,0.25,0.25,1.00",,0.00,
ppf vs mutual fund,,20,"0.56,0.22,0.11,0.11,0.11,0.11,1.00,0.11,0.11,0.11,0.11,0.11",,0.00,
ppf vs vinyl wrap,,20,"0.20,1.00,0.80,0.20,0.20,0.20,0.40,0.60,0.20,0.40,0.20,0.40",,0.00,
ppf website,,20,"0.20,0.40,0.20,1.00,0.20,1.00,0.20,0.80,0.40,0.40,0.80,0.20",,0.00,
pre cut ppf,,20,"0.20,0.40,0.40,0.60,0.20,0.20,0.20,0.40,0.20,1.00,0.40,0.20",,2.00,
public provident fund ppf,,20,"0.14,0.43,0.14,0.14,0.14,0.14,0.14,0.14,0.14,0.14,1.00,0.14",,1.75,
sbi ppf account,,20,"0.60,0.20,0.20,0.20,0.40,0.20,0.20,0.20,0.20,1.00,0.20,0.60",,0.00,
sbi ppf account opening,,20,"0.20,0.20,0.40,0.20,0.40,0.20,0.20,0.20,0.20,0.20,1.00,0.40",,0.00,
sbi ppf account opening form,,20,"1.00,0.25,0.25,0.75,0.25,0.25,0.75,0.25,0.25,0.25,0.25,0.25",,0.00,
scotchgard ppf,,20,"0.33,0.67,0.33,0.33,1.00,0.33,0.67,0.33,1.00,1.00,0.33,0.33",,0.00,
state bank of india ppf,,20,"0.50,0.25,0.25,0.25,0.25,0.25,1.00,0.50,0.25,0.50,0.50,0.25",,0.00,
top ppf brands,,20,"0.14,0.14,0.14,0.14,0.29,1.00,0.14,0.14,0.14,0.71,0.14,0.14",,2.13,
what is ppf account,,20,"0.11,0.11,0.11,0.11,0.11,0.11,0.44,1.00,0.11,0.11,0.11,0.11",,0.00,
what is ppf account in sbi,,20,"0.14,1.00,0.14,1.00,0.14,0.43,0.14,0.14,0.14,0.14,0.14,0.14",,0.00,
what is ppf car,,20,"0.11,0.11,0.11,0.11,0.11,0.11,0.11,0.56,0.11,0.33,0.11,1.00",,0.00,
xpel ppf cost,,20,"0.71,0.29,0.57,0.14,1.00,0.14,0.29,0.43,0.14,0.14,0.14,0.14",,2.01,
xpel ppf installation,,20,"0.11,0.11,0.44,0.11,0.11,0.11,0.33,1.00,0.11,0.11,0.11,0.33",,0.00,
xpel ppf price,,20,"0.11,1.00,0.22,0.11,0.11,0.11,0.11,0.11,0.11,0.11,0.11,1.00",,3.17,
xpel ppf self healing,,20,"0.25,0.25,0.25,0.25,1.00,0.25,0.25,0.25,0.50,1.00,0.50,0.50",,0.00,
xpel ppf vs 3m,,20,"0.29,0.29,0.14,0.14,0.57,1.00,0.14,0.14,0.14,0.14,0.14,0.14",,0.00,
apply ppf,,10,"0.00,0.00,0.00,0.50,0.00,0.00,0.00,1.00,0.50,0.50,1.00,0.00",,0.00,
avery dennison ppf,,10,"0.33,1.00,1.00,0.33,0.33,0.33,0.33,0.33,0.33,0.33,0.33,0.33",,3.43,
axis bank ppf interest rate,,10,"0.33,0.33,1.00,0.00,0.00,0.00,0.33,0.00,0.00,0.00,0.00,0.67",,0.00,
best ppf,,10,"1.00,0.50,1.00,0.50,0.50,0.50,0.50,1.00,0.50,0.50,0.50,0.50",,3.90,
can nri open ppf account in india,,10,"0.50,1.00,0.50,0.50,1.00,0.50,0.50,0.50,0.50,0.50,0.50,1.00",,0.00,
car ppf cost,,10,"1.00,0.00,1.00,1.00,0.00,1.00,1.00,0.00,1.00,1.00,1.00,0.00",,0.00,
central bank of india ppf interest rate,,10,"0.00,0.00,0.00,0.33,0.33,0.33,0.00,1.00,0.33,0.00,0.33,0.00",,0.00,
ceramic coating on top of ppf,,10,"0.00,1.00,0.00,0.25,0.00,0.25,0.25,0.25,1.00,0.00,0.00,0.00",,0.00,
ceramic coating or ppf,,10,"1.00,0.20,0.20,0.20,0.20,0.20,0.20,0.20,0.20,0.40,0.20,0.20",,2.67,
concave ppf,,10,"0.25,0.25,0.25,0.25,0.50,0.25,1.00,0.25,0.25,0.25,0.25,0.25",,0.00,
creed ppf,,10,"0.00,0.00,0.00,0.14,1.00,0.14,0.00,0.00,0.00,0.00,0.00,1.00",,0.00,
elss vs ppf,,10,"0.20,1.00,0.20,0.00,0.60,0.20,0.80,0.00,0.20,0.20,0.00,0.00",,0.00,
form h ppf,,10,"1.00,1.00,1.00,1.00,1.00,1.00,0.00,0.00,0.00,0.00,0.00,0.00",,0.00,
hdfc bank ppf account,,10,"0.25,0.25,0.25,0.50,0.25,0.25,1.00,0.25,0.25,0.50,0.25,0.25",,0.00,
hdfc bank ppf interest rate,,10,"0.33,0.67,0.33,0.33,0.33,0.33,0.33,0.67,0.33,1.00,0.33,0.33",,0.00,
hdfc ppf account opening online,,10,"1.00,0.50,0.50,1.00,0.50,1.00,0.50,0.50,0.50,0.50,0.50,0.50",,0.00,
hexis ppf,,10,"0.25,1.00,0.25,0.50,0.25,0.25,0.25,0.25,0.25,0.25,0.25,0.25",,2.95,
hexis ppf review,,10,"0.33,0.33,0.33,0.33,0.67,0.33,0.33,0.67,1.00,0.33,0.67,0.33",,0.00,
how to close ppf account,,10,"0.33,0.67,1.00,0.33,0.33,0.33,0.33,0.33,0.33,0.33,0.33,0.67",,0.00,
how to invest ppf,,10,"0.50,1.00,0.00,0.00,0.00,0.00,0.50,0.00,0.00,0.50,1.00,0.00",,0.00,
indian bank ppf calculator,,10,"1.00,1.00,1.00,1.00,0.00,0.00,0.00,1.00,1.00,0.00,1.00,0.00",,0.00,
lic ppf calculator,,10,"0.33,1.00,0.33,0.33,0.33,0.33,0.33,0.33,0.33,0.33,0.33,0.33",,0.00,
loan on ppf account,,10,"0.11,0.11,0.00,0.00,0.00,0.11,0.00,0.00,0.11,0.22,1.00,0.00",,0.00,
madico ppf,,10,"0.00,0.25,0.00,0.50,0.75,0.25,0.00,0.25,0.00,1.00,0.25,0.00",,0.00,
nps vs ppf,,10,"0.33,0.33,0.33,0.33,0.33,0.33,0.33,0.67,0.33,1.00,1.00,0.33",,0.00,
open ppf account online,,10,"0.20,0.20,0.20,0.20,0.20,0.20,0.20,0.20,0.20,1.00,0.20,0.40",,2.72,
open ppf account online hdfc,,10,"0.20,0.20,1.00,0.20,0.20,0.20,0.20,0.20,0.20,0.20,0.20,0.40",,0.00,
pnb ppf interest rate,,10,"0.33,0.33,0.33,0.33,1.00,0.33,0.00,0.33,0.33,0.00,0.33,0.00",,0.00,
post office ppf,,10,"0.33,0.33,0.33,1.00,0.33,0.33,0.33,0.33,0.67,0.67,0.33,0.33",,0.00,
post office ppf interest rate,,10,"0.33,0.33,0.33,0.33,0.33,0.33,0.67,1.00,0.33,0.33,0.33,0.33",,0.00,
ppf account balance,,10,"0.33,0.33,1.00,0.67,0.67,0.33,0.33,0.33,0.33,0.33,0.67,0.33",,0.00,
ppf account extension,,10,"0.25,0.25,0.25,1.00,0.25,0.25,0.25,0.25,0.25,0.25,0.50,0.50",,0.00,
ppf account in hindi,,10,"0.00,1.00,0.75,0.25,0.00,0.00,0.00,0.25,0.50,0.00,0.25,0.00",,0.00,
ppf account in post office,,10,"0.25,0.25,0.25,0.25,0.25,0.25,0.25,0.25,0.25,0.25,0.25,1.00",,0.00,
ppf account india,,10,"0.67,0.33,0.67,0.33,0.33,0.33,0.33,0.33,1.00,0.33,0.33,0.67",,0.00,
ppf amount calculator,,10,"0.25,1.00,0.25,0.00,0.00,0.00,0.25,0.25,0.00,0.00,0.25,0.00",,0.00,
ppf amount withdrawal,,10,"0.33,1.00,0.33,0.33,0.33,0.33,1.00,0.33,0.33,0.33,0.67,0.33",,0.00,
ppf bank,,10,"0.25,0.50,0.25,0.25,0.50,0.25,0.25,1.00,0.25,0.25,0.25,0.25",,0.00,
ppf calculator for 20 years,,10,"1.00,0.00,0.00,0.25,0.25,0.00,0.00,0.25,0.00,0.75,1.00,0.25",,0.00,
ppf calculator hdfc,,10,"0.50,1.00,0.50,0.50,0.50,0.50,0.50,0.50,0.50,0.50,1.00,0.50",,0.00,
ppf calculator india,,10,"0.20,0.20,0.20,0.20,1.00,0.20,0.20,0.20,0.20,0.20,0.20,0.20",,0.00,
ppf calculator monthly,,10,"0.25,0.25,0.25,0.25,1.00,0.25,0.75,0.25,0.25,0.25,0.25,0.25",,0.00,
ppf calculator online,,10,"0.50,0.50,0.50,0.50,0.50,1.00,0.50,0.50,0.50,1.00,0.50,0.50",,0.00,
ppf car near me,,10,"1.00,0.40,0.20,0.20,0.20,0.20,0.20,0.20,0.20,0.20,0.20,0.20",,0.00,
ppf car wrap,,10,"0.33,0.33,0.33,0.33,0.33,0.33,0.33,1.00,0.33,0.33,0.33,0.33",,4.38,
ppf diagram,,10,"0.33,0.33,0.33,1.00,0.33,0.33,0.33,0.33,0.33,0.33,0.33,0.33",,0.00,
ppf diagram explained,,10,"0.00,0.00,0.00,0.00,0.00,0.20,1.00,0.00,0.00,0.00,0.00,0.20",,0.00,
ppf film 3m,,10,"0.00,0.00,0.00,0.00,0.00,0.00,0.40,0.00,0.00,0.00,0.00,1.00",,0.00,
ppf film brands,,10,"0.20,0.20,0.00,0.00,0.40,0.00,1.00,0.00,0.20,0.00,0.00,0.40",,0.00,
ppf financial year,,10,"0.00,0.00,0.67,0.33,1.00,0.33,0.00,0.00,0.00,0.00,0.00,0.33",,0.00,
ppf for nri,,10,"0.33,0.33,0.33,0.33,1.00,0.33,0.33,0.33,0.33,0.67,1.00,0.33",,2.02,
ppf for windshield,,10,"0.33,0.33,0.67,1.00,0.33,0.33,0.33,0.33,1.00,0.33,0.33,0.33",,0.00,
ppf form,,10,"0.50,0.50,0.50,0.50,0.50,0.50,0.50,0.50,1.00,0.50,0.50,0.50",,0.00,
ppf hexis,,10,"0.00,0.25,0.25,0.50,0.25,1.00,0.25,0.50,0.25,0.25,0.25,0.00",,0.00,
ppf in postal,,10,"0.00,0.00,1.00,0.00,0.00,0.00,0.00,0.00,0.00,0.00,0.00,0.80",,0.00,
ppf india,,10,"0.50,0.50,0.50,0.50,0.50,0.50,0.50,0.50,0.50,1.00,0.50,0.50",,0.00,
ppf india nri,,10,"0.50,0.25,0.25,0.00,0.00,0.00,0.00,0.00,0.00,0.00,1.00,0.00",,0.00,
ppf interest,,10,"0.50,0.50,0.50,0.50,0.50,0.50,0.50,1.00,0.50,1.00,0.50,0.50",,0.00,
ppf interest rate calculator,,10,"0.33,0.67,1.00,0.33,0.33,0.33,0.33,0.67,0.67,0.33,0.33,0.33",,0.00,
ppf interest rate in punjab national bank,,10,"1.00,1.00,0.50,0.25,0.25,0.25,0.00,0.25,0.25,0.00,0.25,0.00",,0.00,
ppf investment,,10,"0.33,0.33,0.33,1.00,0.33,0.33,0.33,0.33,1.00,0.33,0.33,0.33",,2.15,
ppf investment calculator,,10,"0.20,0.40,0.20,0.20,0.20,0.20,0.00,0.20,1.00,0.20,0.40,0.00",,0.00,
ppf limit,,10,"0.50,1.00,0.50,0.00,1.00,0.00,0.50,0.50,0.50,0.00,0.50,0.00",,0.00,
ppf matte finish,,10,"0.33,0.33,0.33,0.33,0.33,1.00,0.33,0.33,0.33,0.33,1.00,0.33",,0.00,
ppf maturity amount calculator,,10,"0.00,0.00,0.67,0.33,0.33,0.00,0.33,0.00,1.00,0.00,0.00,0.33",,0.00,
ppf max limit,,10,"0.50,0.50,0.00,0.50,0.00,0.50,0.00,0.50,0.50,0.50,1.00,0.00",,0.00,
ppf new rules,,10,"1.00,0.33,0.33,0.33,0.67,0.33,0.33,0.33,0.33,0.33,0.33,0.33",,0.00,
ppf scheme calculator,,10,"0.33,0.33,0.67,0.33,0.33,0.33,0.33,0.33,0.33,0.33,1.00,0.33",,0.00,
ppf suppliers,,10,"0.50,1.00,0.50,0.50,1.00,1.00,0.50,0.50,0.50,0.50,0.50,0.50",,1.30,
ppf tax exemption,,10,"0.40,0.20,0.00,0.00,0.00,1.00,0.00,0.00,0.00,0.00,0.00,0.20",,0.00,
ppf terms and conditions,,10,"0.00,0.00,0.00,1.00,0.25,1.00,0.75,0.00,0.00,0.00,0.25,0.50",,0.00,
ppf time period,,10,"0.00,0.00,0.25,0.00,0.25,0.25,0.25,0.25,1.00,0.25,0.25,0.00",,0.00,
ppf to kg m,,10,"0.33,0.33,0.33,0.33,0.67,0.33,1.00,0.33,0.33,0.67,0.33,0.67",,0.00,
satin ppf,,10,"0.33,0.67,0.33,0.33,0.33,1.00,0.67,0.33,0.33,0.33,0.33,0.33",,3.72,
sbi ppf,,10,"0.33,0.33,0.67,0.33,0.33,0.33,0.33,1.00,0.33,0.33,0.67,0.33",,0.00,
stealth ppf,,10,"0.25,0.50,0.25,0.25,0.25,0.25,0.25,0.25,1.00,0.25,0.50,0.25",,2.98,
suntek ppf,,10,"0.50,0.50,0.50,0.50,0.50,0.50,0.50,0.50,1.00,0.50,0.50,0.50",,3.06,
suntek ppf cost,,10,"0.67,0.33,0.00,0.33,0.00,0.00,0.00,0.00,0.00,0.00,0.00,1.00",,0.00,
tesla ppf,,10,"0.20,0.20,0.20,0.20,0.20,0.20,0.20,1.00,0.20,0.20,0.20,0.20",,5.51,
tinted ppf film,,10,"0.00,0.11,0.00,0.00,0.11,0.00,1.00,0.22,0.00,0.00,0.00,0.11",,0.00,
ubi ppf interest rate,,10,"0.00,0.25,0.25,0.00,0.00,0.25,0.00,0.00,1.00,0.00,0.00,0.00",,0.00,
union bank ppf account,,10,"0.00,1.00,0.00,0.29,0.00,0.00,0.00,0.00,0.43,0.00,0.00,0.14",,0.00,
union bank ppf calculator,,10,"1.00,0.25,0.50,0.50,0.00,0.25,0.00,0.75,0.00,0.00,0.25,0.00",,0.00,
what is ppf in economics,,10,"0.33,0.33,0.33,0.33,0.33,1.00,0.33,0.33,0.33,0.33,0.33,0.33",,0.00,
why is the ppf bowed out,,10,"0.00,0.00,0.00,0.00,0.00,0.00,0.00,0.00,0.00,0.11,0.22,1.00",,0.00,
windshield ppf,,10,"0.33,0.33,0.33,0.33,0.33,0.33,0.67,0.33,0.67,1.00,0.33,0.33",,0.00,
xpel ppf film,,10,"0.00,1.00,0.00,0.50,0.50,0.00,0.00,0.50,0.50,0.50,0.50,0.00",,0.00,
xpel ppf for sale,,10,"0.25,0.25,0.25,0.25,0.25,0.25,0.25,0.75,0.25,1.00,0.25,0.25",,0.00,
xpel ppf roll,,10,"0.33,0.33,0.33,0.33,0.33,0.33,0.33,0.67,1.00,0.33,0.33,1.00",,2.04,
15 years ppf,,0,"0.00,0.00,0.00,0.00,0.00,0.00,0.00,0.00,0.00,0.00,0.00,0.00",,0.00,
16 vam 109 ppf pipe details,,0,"0.00,0.00,0.00,0.00,0.00,0.00,0.00,0.00,0.00,0.00,0.00,0.00",,0.00,
3-1 2 12.7 ppf g-3,,0,"0.00,0.00,0.00,0.00,0.00,0.00,0.00,0.00,0.00,0.00,0.00,0.00",,0.00,
3000 ppf,,0,"0.00,0.00,0.00,0.00,0.00,0.00,0.00,0.00,0.00,0.00,0.00,0.00",,0.00,
80c ppf,,0,"0.00,0.00,0.00,0.00,0.00,0.00,0.00,0.00,0.00,0.00,0.00,0.00",,0.00,
8ballpool ppf info coins cash,,0,"0.00,0.00,0.00,0.00,0.00,0.00,0.00,0.00,0.00,0.00,0.00,0.00",,0.00,
adding money to uco bank ppf account,,0,"0.00,0.00,0.00,0.00,0.00,0.00,0.00,0.00,0.00,0.00,0.00,0.00",,0.00,
advantages and disadvantages of ppf,,0,"0.00,0.00,0.00,0.00,0.00,0.00,0.00,0.00,0.00,0.00,0.00,0.00",,0.00,
age limit for opening ppf account,,0,"0.00,0.00,0.00,0.00,0.00,0.00,0.00,0.00,0.00,0.00,0.00,0.00",,0.00,
aim ppf year of tolerance,,0,"0.00,0.00,0.00,0.00,0.00,0.00,0.00,0.00,0.00,0.00,0.00,0.00",,0.00,
are nris allowed to contribute in ppf account,,0,"0.00,0.00,0.00,0.00,0.00,0.00,0.00,0.00,0.00,0.00,0.00,0.00",,0.00,
are ppf and ppc the same,,0,"0.00,0.00,0.00,0.00,0.00,0.00,0.00,0.00,0.00,0.00,0.00,0.00",,0.00,
axis bank ppf account branches,,0,"0.00,0.00,0.00,0.00,0.00,0.00,0.00,0.00,0.00,0.00,0.00,0.00",,0.00,
axis bank ppf account closure form,,0,"0.00,0.00,0.00,0.00,0.00,0.00,0.00,0.00,0.00,0.00,0.00,0.00",,0.00,
axis bank ppf account documents,,0,"0.00,0.00,0.00,0.00,0.00,0.00,0.00,0.00,0.00,0.00,0.00,0.00",,0.00,
axis bank ppf account form,,0,"0.00,0.00,0.00,0.00,0.00,0.00,0.00,0.00,0.00,0.00,0.00,0.00",,0.00,
axis bank ppf account interest rate,,0,"0.00,0.00,0.00,0.00,0.00,0.00,0.00,0.00,0.00,0.00,0.00,0.00",,0.00,
axis bank ppf account online,,0,"0.00,0.00,0.00,0.00,0.00,0.00,0.00,0.00,0.00,0.00,0.00,0.00",,0.00,
axis bank ppf account online opening,,0,"0.00,0.00,0.00,0.00,0.00,0.00,0.00,0.00,0.00,0.00,0.00,0.00",,0.00,
axis bank ppf account passbook,,0,"0.00,0.00,0.00,0.00,0.00,0.00,0.00,0.00,0.00,0.00,0.00,0.00",,0.00,
axis bank ppf account process,,0,"0.00,0.00,0.00,0.00,0.00,0.00,0.00,0.00,0.00,0.00,0.00,0.00",,0.00,
axis bank ppf account transfer,,0,"0.00,0.00,0.00,0.00,0.00,0.00,0.00,0.00,0.00,0.00,0.00,0.00",,0.00,
axis bank ppf online,,0,"0.00,0.00,0.00,0.00,0.00,0.00,0.00,0.00,0.00,0.00,0.00,0.00",,0.00,
badi eval_schedcond_ppf,,0,"0.00,0.00,0.00,0.00,0.00,0.00,0.00,0.00,0.00,0.00,0.00,0.00",,0.00,
ball pool ppf info cash coins,,0,"0.00,0.00,0.00,0.00,0.00,0.00,0.00,0.00,0.00,0.00,0.00,0.00",,0.00,
ballpool ppf info cash coins,,0,"0.00,0.00,0.00,0.00,0.00,0.00,0.00,0.00,0.00,0.00,0.00,0.00",,0.00,
bank account to ppf account,,0,"0.00,0.00,0.00,0.00,0.00,0.00,0.00,0.00,0.00,0.00,0.00,0.00",,0.00,
bank of baroda ppf account calculator,,0,"0.00,0.00,0.00,0.00,0.00,0.00,0.00,0.00,0.00,0.00,0.00,0.00",,0.00,
bank of baroda ppf account login,,0,"0.00,0.00,0.00,0.00,0.00,0.00,0.00,0.00,0.00,0.00,0.00,0.00",,0.00,
bank of baroda ppf account online login,,0,"0.00,0.00,0.00,0.00,0.00,0.00,0.00,0.00,0.00,0.00,0.00,0.00",,0.00,
bank of baroda ppf account opening form online,,0,"0.00,0.00,0.00,0.00,0.00,0.00,0.00,0.00,0.00,0.00,0.00,0.00",,0.00,
bank of baroda ppf interest rate 2020,,0,"0.00,0.00,0.00,0.00,0.00,0.00,0.00,0.00,0.00,0.00,0.00,0.00",,0.00,
benefit of the ppf account,,0,"0.00,0.00,0.00,0.00,0.00,0.00,0.00,0.00,0.00,0.00,0.00,0.00",,0.00,
benifita of ppf,,0,"0.00,0.00,0.00,0.00,0.00,0.00,0.00,0.00,0.00,0.00,0.00,0.00",,0.00,
better investment than ppf,,0,"0.00,0.00,0.00,0.00,0.00,0.00,0.00,0.00,0.00,0.00,0.00,0.00",,0.00,
bowed inward ppf,,0,"0.00,0.00,0.00,0.00,0.00,0.00,0.00,0.00,0.00,0.00,0.00,0.00",,0.00,
budget 2020 on ppf,,0,"0.00,0.00,0.00,0.00,0.00,0.00,0.00,0.00,0.00,0.00,0.00,0.00",,0.00,
budget 2020 ppf account,,0,"0.00,0.00,0.00,0.00,0.00,0.00,0.00,0.00,0.00,0.00,0.00,0.00",,0.00,
can 2 ppf accounts be opened,,0,"0.00,0.00,0.00,0.00,0.00,0.00,0.00,0.00,0.00,0.00,0.00,0.00",,0.00,
can a minor open ppf account,,0,"0.00,0.00,0.00,0.00,0.00,0.00,0.00,0.00,0.00,0.00,0.00,0.00",,0.00,
can husband and wife have separate ppf accounts,,0,"0.00,0.00,0.00,0.00,0.00,0.00,0.00,0.00,0.00,0.00,0.00,0.00",,0.00,
can i deposit ppf online in sbi,,0,"0.00,0.00,0.00,0.00,0.00,0.00,0.00,0.00,0.00,0.00,0.00,0.00",,0.00,
can i encash ppf after become nri,,0,"0.00,0.00,0.00,0.00,0.00,0.00,0.00,0.00,0.00,0.00,0.00,0.00",,0.00,
can i open a ppf account for my child,,0,"0.00,0.00,0.00,0.00,0.00,0.00,0.00,0.00,0.00,0.00,0.00,0.00",,0.00,
can i open ppf account for my child,,0,"0.00,0.00,0.00,0.00,0.00,0.00,0.00,0.00,0.00,0.00,0.00,0.00",,0.00,
can i open ppf account for my mother,,0,"0.00,0.00,0.00,0.00,0.00,0.00,0.00,0.00,0.00,0.00,0.00,0.00",,0.00,
can i open ppf account online in hdfc bank,,0,"0.00,0.00,0.00,0.00,0.00,0.00,0.00,0.00,0.00,0.00,0.00,0.00",,0.00,
can i open ppf for my child,,0,"0.00,0.00,0.00,0.00,0.00,0.00,0.00,0.00,0.00,0.00,0.00,0.00",,0.00,
can i pay ppf online via foreign debit card,,0,"0.00,0.00,0.00,0.00,0.00,0.00,0.00,0.00,0.00,0.00,0.00,0.00",,0.00,
can i transfer money to ppf account through uae account,,0,"0.00,0.00,0.00,0.00,0.00,0.00,0.00,0.00,0.00,0.00,0.00,0.00",,0.00,
can nre open ppf account,,0,"0.00,0.00,0.00,0.00,0.00,0.00,0.00,0.00,0.00,0.00,0.00,0.00",,0.00,
can nri continue with existing ppf account,,0,"0.00,0.00,0.00,0.00,0.00,0.00,0.00,0.00,0.00,0.00,0.00,0.00",,0.00,
can nri start ppf account in india,,0,"0.00,0.00,0.00,0.00,0.00,0.00,0.00,0.00,0.00,0.00,0.00,0.00",,0.00,
can nris open ppf,,0,"0.00,0.00,0.00,0.00,0.00,0.00,0.00,0.00,0.00,0.00,0.00,0.00",,0.00,
can we open a ppf account online in sbi,,0,"0.00,0.00,0.00,0.00,0.00,0.00,0.00,0.00,0.00,0.00,0.00,0.00",,0.00,
can we open more than one ppf account,,0,"0.00,0.00,0.00,0.00,0.00,0.00,0.00,0.00,0.00,0.00,0.00,0.00",,0.00,
can we withdraw interest from ppf account,,0,"0.00,0.00,0.00,0.00,0.00,0.00,0.00,0.00,0.00,0.00,0.00,0.00",,0.00,
can you have multiple ppf accounts,,0,"0.00,0.00,0.00,0.00,0.00,0.00,0.00,0.00,0.00,0.00,0.00,0.00",,0.00,
car ppf film wallawppr,,0,"0.00,0.00,0.00,0.00,0.00,0.00,0.00,0.00,0.00,0.00,0.00,0.00",,0.00,
car ppf film wallpaper,,0,"0.00,0.00,0.00,0.00,0.00,0.00,0.00,0.00,0.00,0.00,0.00,0.00",,0.00,
cars ppf,,0,"0.00,0.00,0.00,0.00,0.00,0.00,0.00,0.00,0.00,0.00,0.00,0.00",,0.00,
cars ppf wallapepr,,0,"0.00,0.00,0.00,0.00,0.00,0.00,0.00,0.00,0.00,0.00,0.00,0.00",,0.00,
causes for movement on a ppf,,0,"0.00,0.00,0.00,0.00,0.00,0.00,0.00,0.00,0.00,0.00,0.00,0.00",,0.00,
causes of movements in ppf,,0,"0.00,0.00,0.00,0.00,0.00,0.00,0.00,0.00,0.00,0.00,0.00,0.00",,0.00,
cbi ppf interest rate,,0,"0.00,0.00,0.00,0.00,0.00,0.00,0.00,0.00,0.00,0.00,0.00,0.00",,0.00,
changing bank account no in ppf,,0,"0.00,0.00,0.00,0.00,0.00,0.00,0.00,0.00,0.00,0.00,0.00,0.00",,0.00,
comparison between ppf and sukanya samriddhi yojana,,0,"0.00,0.00,0.00,0.00,0.00,0.00,0.00,0.00,0.00,0.00,0.00,0.00",,0.00,
constant ppf,,0,"0.00,0.00,0.00,0.00,0.00,0.00,0.00,0.00,0.00,0.00,0.00,0.00",,0.00,
convert kg m to ppf,,0,"0.00,0.00,0.00,0.00,0.00,0.00,0.00,0.00,0.00,0.00,0.00,0.00",,0.00,
create sbi ppf account online,,0,"0.00,0.00,0.00,0.00,0.00,0.00,0.00,0.00,0.00,0.00,0.00,0.00",,0.00,
current interest rate on ppf in sbi,,0,"0.00,0.00,0.00,0.00,0.00,0.00,0.00,0.00,0.00,0.00,0.00,0.00",,0.00,
current ppf interest,,0,"0.00,0.00,0.00,0.00,0.00,0.00,0.00,0.00,0.00,0.00,0.00,0.00",,0.00,
current ppf interest rate in india,,0,"0.00,0.00,0.00,0.00,0.00,0.00,0.00,0.00,0.00,0.00,0.00,0.00",,0.00,
current ppf rate 2020,,0,"0.00,0.00,0.00,0.00,0.00,0.00,0.00,0.00,0.00,0.00,0.00,0.00",,0.00,
deposit in ppf 80c,,0,"0.00,0.00,0.00,0.00,0.00,0.00,0.00,0.00,0.00,0.00,0.00,0.00",,0.00,
depositing to ubi ppf accounts,,0,"0.00,0.00,0.00,0.00,0.00,0.00,0.00,0.00,0.00,0.00,0.00,0.00",,0.00,
difference between ppf and cpf,,0,"0.00,0.00,0.00,0.00,0.00,0.00,0.00,0.00,0.00,0.00,0.00,0.00",,0.00,
difference between ppf and suganya samriti,,0,"0.00,0.00,0.00,0.00,0.00,0.00,0.00,0.00,0.00,0.00,0.00,0.00",,0.00,
documents required for ppf,,0,"0.00,0.00,0.00,0.00,0.00,0.00,0.00,0.00,0.00,0.00,0.00,0.00",,0.00,
documents required to open ppf account in sbi,,0,"0.00,0.00,0.00,0.00,0.00,0.00,0.00,0.00,0.00,0.00,0.00,0.00",,0.00,
does ppf effect on tesla autopilot,,0,"0.00,0.00,0.00,0.00,0.00,0.00,0.00,0.00,0.00,0.00,0.00,0.00",,0.00,
does the tok ppf have to be signed,,0,"0.00,0.00,0.00,0.00,0.00,0.00,0.00,0.00,0.00,0.00,0.00,0.00",,0.00,
dán màn hình ppf là gì,,0,"0.00,0.00,0.00,0.00,0.00,0.00,0.00,0.00,0.00,0.00,0.00,0.00",,0.00,
dán ppf cho iphone,,0,"0.00,0.00,0.00,0.00,0.00,0.00,0.00,0.00,0.00,0.00,0.00,0.00",,0.00,
economic growth causes the ppf to,,0,"0.00,0.00,0.00,0.00,0.00,0.00,0.00,0.00,0.00,0.00,0.00,0.00",,0.00,
economic growth ppf diagram,,0,"0.00,0.00,0.00,0.00,0.00,0.00,0.00,0.00,0.00,0.00,0.00,0.00",,0.00,
expression test ppf,,0,"0.00,0.00,0.00,0.00,0.00,0.00,0.00,0.00,0.00,0.00,0.00,0.00",,0.00,
fd vs rd vs ppf,,0,"0.00,0.00,0.00,0.00,0.00,0.00,0.00,0.00,0.00,0.00,0.00,0.00",,0.00,
file http www.ppf.gov.iq,,0,"0.00,0.00,0.00,0.00,0.00,0.00,0.00,0.00,0.00,0.00,0.00,0.00",,0.00,
form 10c ppf,,0,"0.00,0.00,0.00,0.00,0.00,0.00,0.00,0.00,0.00,0.00,0.00,0.00",,0.00,
gao ppf hentai,,0,"0.00,0.00,0.00,0.00,0.00,0.00,0.00,0.00,0.00,0.00,0.00,0.00",,0.00,
generali ppf,,0,"0.00,0.00,0.00,0.00,0.00,0.00,0.00,0.00,0.00,0.00,0.00,0.00",,0.00,
government ppf interest rate,,0,"0.00,0.00,0.00,0.00,0.00,0.00,0.00,0.00,0.00,0.00,0.00,0.00",,0.00,
hdfc bank ppf account calculator,,0,"0.00,0.00,0.00,0.00,0.00,0.00,0.00,0.00,0.00,0.00,0.00,0.00",,0.00,
hdfc online ppf account opening,,0,"0.00,0.00,0.00,0.00,0.00,0.00,0.00,0.00,0.00,0.00,0.00,0.00",,0.00,
hdfc ppf account interest rate,,0,"0.00,0.00,0.00,0.00,0.00,0.00,0.00,0.00,0.00,0.00,0.00,0.00",,0.00,
hdfc ppf account online,,0,"0.00,0.00,0.00,0.00,0.00,0.00,0.00,0.00,0.00,0.00,0.00,0.00",,0.00,
hdfc ppf account online apply,,0,"0.00,0.00,0.00,0.00,0.00,0.00,0.00,0.00,0.00,0.00,0.00,0.00",,0.00,
hdfc ppf account opening,,0,"0.00,0.00,0.00,0.00,0.00,0.00,0.00,0.50,0.00,1.00,0.50,0.50",,0.00,
hdfc ppf online,,0,"0.00,0.00,0.00,0.00,0.00,0.00,0.00,0.00,0.00,0.00,0.00,0.00",,0.00,
hdfc ppf online account opening,,0,"0.00,0.00,0.00,0.00,0.00,0.00,0.00,0.00,0.00,0.00,0.00,0.00",,0.00,
hexis ppf logo,,0,"0.00,0.00,0.00,0.00,0.00,0.00,0.00,0.00,0.00,0.00,0.00,0.00",,0.00,
houston ppf,,0,"0.00,0.00,0.00,0.00,0.00,0.00,0.00,0.00,0.00,0.00,0.00,0.00",,0.00,
how can be online money transfer to ppf account,,0,"0.00,0.00,0.00,0.00,0.00,0.00,0.00,0.00,0.00,0.00,0.00,0.00",,0.00,
how does the ppf illustrate efficiency,,0,"0.00,0.00,0.00,0.00,0.00,0.00,0.00,0.00,0.00,0.00,0.00,0.00",,0.00,
how is interest calculated for ppf account,,0,"0.00,0.00,0.00,0.00,0.00,0.00,0.00,0.00,0.00,0.00,0.00,0.00",,0.00,
how many ppf account can a person have,,0,"0.00,0.00,0.00,0.00,0.00,0.00,0.00,0.00,0.00,0.00,0.00,0.00",,0.00,
how many time i can renew the ppf,,0,"0.00,0.00,0.00,0.00,0.00,0.00,0.00,0.00,0.00,0.00,0.00,0.00",,0.00,
how much i will get in ppf after 15 years,,0,"0.00,0.00,0.00,0.00,0.00,0.00,0.00,0.00,0.00,0.00,0.00,0.00",,0.00,
how much ppf need for cover a bike,,0,"0.00,0.00,0.00,0.00,0.00,0.00,0.00,0.00,0.00,0.00,0.00,0.00",,0.00,
how much ppf ultimate if product oem,,0,"0.00,0.00,0.00,0.00,0.00,0.00,0.00,0.00,0.00,0.00,0.00,0.00",,0.00,
how ppf account interest is calculated,,0,"0.00,0.00,0.00,0.00,0.00,0.00,0.00,0.00,0.00,0.00,0.00,0.00",,0.00,
how ppf curve increases and decreases,,0,"0.00,0.00,0.00,0.00,0.00,0.00,0.00,0.00,0.00,0.00,0.00,0.00",,0.00,
how ppf curve increses and decreases,,0,"0.00,0.00,0.00,0.00,0.00,0.00,0.00,0.00,0.00,0.00,0.00,0.00",,0.00,
how ppf interest different from rd,,0,"0.00,0.00,0.00,0.00,0.00,0.00,0.00,0.00,0.00,0.00,0.00,0.00",,0.00,
how ppf interest rate is calculated,,0,"0.00,0.00,0.00,0.00,0.00,0.00,0.00,0.00,0.00,0.00,0.00,0.00",,0.00,
how ppf protection car animation,,0,"0.00,0.00,0.00,0.00,0.00,0.00,0.00,0.00,0.00,0.00,0.00,0.00",,0.00,
how ppf protects animation,,0,"0.00,0.00,0.00,0.00,0.00,0.00,0.00,0.00,0.00,0.00,0.00,0.00",,0.00,
how ppf protects car animation,,0,"0.00,0.00,0.00,0.00,0.00,0.00,0.00,0.00,0.00,0.00,0.00,0.00",,0.00,
how to calculate ppf amount,,0,"0.00,0.00,0.00,0.00,0.00,0.00,0.00,0.00,0.00,0.00,0.00,0.00",,0.00,
how to calculate ppf maturity amount in excel,,0,"0.00,0.00,0.00,0.00,0.00,0.00,0.00,0.00,0.00,0.00,0.00,0.00",,0.00,
how to cancel ppf account,,0,"0.00,0.00,0.00,0.00,0.00,0.00,0.00,0.00,0.00,0.00,0.00,0.00",,0.00,
how to cancel ppf account open for minor in sbi,,0,"0.00,0.00,0.00,0.00,0.00,0.00,0.00,0.00,0.00,0.00,0.00,0.00",,0.00,
how to deposit in ppf account online,,0,"0.00,0.00,0.00,0.00,0.00,0.00,0.00,0.00,0.00,0.00,0.00,0.00",,0.00,
how to deposit money in hdfc ppf account,,0,"0.00,0.00,0.00,0.00,0.00,0.00,0.00,0.00,0.00,0.00,0.00,0.00",,0.00,
how to deposit ppf online,,0,"0.00,0.00,0.00,0.00,0.00,0.00,0.00,0.00,0.00,0.00,0.00,0.00",,0.00,
how to deposit ppf online indusind bank,,0,"0.00,0.00,0.00,0.00,0.00,0.00,0.00,0.00,0.00,0.00,0.00,0.00",,0.00,
how to describe a ppf graph,,0,"0.00,0.00,0.00,0.00,0.00,0.00,0.00,0.00,0.00,0.00,0.00,0.00",,0.00,
how to enter ppf account in online pay,,0,"0.00,0.00,0.00,0.00,0.00,0.00,0.00,0.00,0.00,0.00,0.00,0.00",,0.00,
how to get customer id for post office ppf account,,0,"0.00,0.00,0.00,0.00,0.00,0.00,0.00,0.00,0.00,0.00,0.00,0.00",,0.00,
how to invest in ppf account,,0,"0.00,0.00,0.00,0.00,0.00,0.00,0.00,0.00,0.00,0.00,0.00,0.00",,0.00,
how to invest in ppf quora,,0,"0.00,0.00,0.00,0.00,0.00,0.00,0.00,0.00,0.00,0.00,0.00,0.00",,0.00,
how to know which branch ppf account is open,,0,"0.00,0.00,0.00,0.00,0.00,0.00,0.00,0.00,0.00,0.00,0.00,0.00",,0.00,
how to know your ppf account number,,0,"0.00,0.00,0.00,0.00,0.00,0.00,0.00,0.00,0.00,0.00,0.00,0.00",,0.00,
how to link ppf with aadhar,,0,"0.00,0.00,0.00,0.00,0.00,0.00,0.00,0.00,0.00,0.00,0.00,0.00",,0.00,
how to open a ppf account in axis bank,,0,"0.00,0.00,0.00,0.00,0.00,0.00,0.00,0.00,0.00,0.00,0.00,0.00",,0.00,
how to open a ppf account in hdfc online,,0,"0.00,0.00,0.00,0.00,0.00,0.00,0.00,0.00,0.00,0.00,0.00,0.00",,0.00,
how to open new ppf account in sbi,,0,"0.00,0.00,0.00,0.00,0.00,0.00,0.00,0.00,0.00,0.00,0.00,0.00",,0.00,
how to open ppf account for nri,,0,"0.00,0.00,0.00,0.00,0.00,0.00,0.00,0.00,0.00,0.00,0.00,0.00",,0.00,
how to open ppf account in bob online,,0,"0.00,0.00,0.00,0.00,0.00,0.00,0.00,0.00,0.00,0.00,0.00,0.00",,0.00,
how to open ppf account in hdfc bank,,0,"0.00,0.00,0.00,0.00,0.00,0.00,0.00,0.00,0.00,0.00,0.00,0.00",,0.00,
how to open ppf account in hdfc bank online,,0,"0.00,0.00,0.00,0.00,0.00,0.00,0.00,0.00,0.00,0.00,0.00,0.00",,0.00,
how to open ppf account in hdfc online,,0,"0.00,0.00,0.00,0.00,0.00,0.00,0.00,0.00,0.00,0.00,0.00,0.00",,0.00,
how to open ppf account in icici through online,,0,"0.00,0.00,0.00,0.00,0.00,0.00,0.00,0.00,0.00,0.00,0.00,0.00",,0.00,
how to open ppf account in punjab national bank,,0,"0.00,0.00,0.00,0.00,0.00,0.00,0.00,0.00,0.00,0.00,0.00,0.00",,0.00,
how to open ppf account in sbi through internet banking,,0,"0.00,0.00,0.00,0.00,0.00,0.00,0.00,0.00,0.00,0.00,0.00,0.00",,0.00,
how to open ppf account online in hdfc,,0,"0.00,0.00,0.00,0.00,0.00,0.00,0.00,0.00,0.00,0.00,0.00,0.00",,0.00,
how to open ppf account online in punjab national bank,,0,"0.00,0.00,0.00,0.00,0.00,0.00,0.00,0.00,0.00,0.00,0.00,0.00",,0.00,
how to open ppf accounts for nri,,0,"0.00,0.00,0.00,0.00,0.00,0.00,0.00,0.00,0.00,0.00,0.00,0.00",,0.00,
how to open ppf hdfc online,,0,"0.00,0.00,0.00,0.00,0.00,0.00,0.00,0.00,0.00,0.00,0.00,0.00",,0.00,
how to open ppf in axis bank online,,0,"0.00,0.00,0.00,0.00,0.00,0.00,0.00,0.00,0.00,0.00,0.00,0.00",,0.00,
how to open ppf in sbi online,,0,"0.00,0.00,0.00,0.00,0.00,0.00,0.00,0.00,0.00,0.00,0.00,0.00",,0.00,
how to open ppf online in hdfc,,0,"0.00,0.00,0.00,0.00,0.00,0.00,0.00,0.00,0.00,0.00,0.00,0.00",,0.00,
how to put money in ppf account,,0,"0.00,0.00,0.00,0.00,0.00,0.00,0.00,0.00,0.00,0.00,0.00,0.00",,0.00,
how to search other nationality on ppf,,0,"0.00,0.00,0.00,0.00,0.00,0.00,0.00,0.00,0.00,0.00,0.00,0.00",,0.00,
how to show a recession aon a ppf,,0,"0.00,0.00,0.00,0.00,0.00,0.00,0.00,0.00,0.00,0.00,0.00,0.00",,0.00,
how to show a recession on a ppf,,0,"0.00,0.00,0.00,0.00,0.00,0.00,0.00,0.00,0.00,0.00,0.00,0.00",,0.00,
how to start a ppf account online,,0,"0.00,0.00,0.00,0.00,0.00,0.00,0.00,0.00,0.00,0.00,0.00,0.00",,0.00,
how to transfer money to ppf account from hdfc netbanking,,0,"0.00,0.00,0.00,0.00,0.00,0.00,0.00,0.00,0.00,0.00,0.00,0.00",,0.00,
how to transfer money to ppf account through hdfc netbanking,,0,"0.00,0.00,0.00,0.00,0.00,0.00,0.00,0.00,0.00,0.00,0.00,0.00",,0.00,
how to transfer ppf account from sbi to axis bank,,0,"0.00,0.00,0.00,0.00,0.00,0.00,0.00,0.00,0.00,0.00,0.00,0.00",,0.00,
how to transfer ppf from post office to bank,,0,"0.00,0.00,0.00,0.00,0.00,0.00,0.00,0.00,0.00,0.00,0.00,0.00",,0.00,
how to view ppf account online in icici bank,,0,"0.00,0.00,0.00,0.00,0.00,0.00,0.00,0.00,0.00,0.00,0.00,0.00",,0.00,
hyxis ppf data sheet,,0,"0.00,0.00,0.00,0.00,0.00,0.00,0.00,0.00,0.00,0.00,0.00,0.00",,0.00,
i want change my ppf account sbi branch,,0,"0.00,0.00,0.00,0.00,0.00,0.00,0.00,0.00,0.00,0.00,0.00,0.00",,0.00,
icici bank ppf interest rate 2020,,0,"0.00,0.00,0.00,0.00,0.00,0.00,0.00,0.00,0.00,0.00,0.00,0.00",,0.00,
icici ppf account calculator,,0,"0.00,0.00,0.00,0.00,0.00,0.00,0.00,0.00,0.00,0.00,0.00,0.00",,0.00,
icici ppf account online payment,,0,"0.00,0.00,0.00,0.00,0.00,0.00,0.00,0.00,0.00,0.00,0.00,0.00",,0.00,
icici ppf account opening,,0,"0.00,0.00,0.00,0.00,0.00,0.00,0.00,0.00,0.00,0.00,0.00,0.00",,0.00,
icici ppf form,,0,"0.00,0.00,0.00,0.00,0.00,0.00,0.00,0.00,0.00,0.00,0.00,0.00",,0.00,
icici ppf interest rate 2020,,0,"0.00,0.00,0.00,0.00,0.00,0.00,0.00,0.00,0.00,0.00,0.00,0.00",,0.00,
increase ppf contribution,,0,"0.00,0.00,0.00,0.00,0.00,0.00,0.00,0.00,0.00,0.00,0.00,0.00",,0.00,
india post office ppf calculator,,0,"0.00,0.00,0.00,0.00,0.00,0.00,0.00,0.00,0.00,0.00,0.00,0.00",,0.00,
india post ppf account interest rate,,0,"0.00,0.00,0.00,0.00,0.00,0.00,0.00,0.00,0.00,0.00,0.00,0.00",,0.00,
india post ppf online,,0,"0.00,0.00,0.00,0.00,0.00,0.00,0.00,0.00,0.00,0.00,0.00,0.00",,0.00,
india ppf account in post office,,0,"0.00,0.00,0.00,0.00,0.00,0.00,0.00,0.00,0.00,0.00,0.00,0.00",,0.00,
indian post office ppf scheme 2018,,0,"0.00,0.00,0.00,0.00,0.00,0.00,0.00,0.00,0.00,0.00,0.00,0.00",,0.00,
info ppf gov iq,,0,"0.00,0.00,0.00,0.00,0.00,0.00,0.00,0.00,0.00,0.00,0.00,0.00",,0.00,
interest calculator for ppf account,,0,"0.00,0.00,0.00,0.00,0.00,0.00,0.00,0.00,0.00,0.00,0.00,0.00",,0.00,
interest earned on ppf is taxable,,0,"0.00,0.00,0.00,0.00,0.00,0.00,0.00,0.00,0.00,0.00,0.00,0.00",,0.00,
interest rate for ppf 2016 17,,0,"0.00,0.00,0.00,0.00,0.00,0.00,0.00,0.00,0.00,0.00,0.00,0.00",,0.00,
iob ppf calculator,,0,"0.00,0.00,0.00,0.00,0.00,0.00,0.00,0.00,0.00,0.00,0.00,0.00",,0.00,
is aadhaar card mandatory for ppf account,,0,"0.00,0.00,0.00,0.00,0.00,0.00,0.00,0.00,0.00,0.00,0.00,0.00",,0.00,
is ppf account automatically extended,,0,"0.00,0.00,0.00,0.00,0.00,0.00,0.00,0.00,0.00,0.00,0.00,0.00",,0.00,
is ppf best investment,,0,"0.00,0.00,0.00,0.00,0.00,0.00,0.00,0.00,0.00,0.00,0.00,0.00",,0.00,
is ppf interest taxable in india,,0,"0.00,0.00,0.00,0.00,0.00,0.00,0.00,0.00,0.00,0.00,0.00,0.00",,0.00,
is ppf part of assets in alimony,,0,"0.00,0.00,0.00,0.00,0.00,0.00,0.00,0.00,0.00,0.00,0.00,0.00",,0.00,
is there a ppf equivalent for nris,,0,"0.00,0.00,0.00,0.00,0.00,0.00,0.00,0.00,0.00,0.00,0.00,0.00",,0.00,
job ppf gov iq,,0,"0.00,0.00,0.00,0.00,0.00,0.00,0.00,0.00,0.00,0.00,0.00,0.00",,0.00,
kotak assured saving plan vs ppf,,0,"0.00,0.00,0.00,0.00,0.00,0.00,0.00,0.00,0.00,0.00,0.00,0.00",,0.00,
lic and ppf,,0,"0.00,0.00,0.00,0.00,0.00,0.00,0.00,0.00,0.00,0.00,0.00,0.00",,0.00,
lic mahila ppf yojana,,0,"0.00,0.00,0.00,0.00,0.00,0.00,0.00,0.00,0.50,1.00,0.50,0.50",,0.00,
lic vs ppf,,0,"0.00,0.00,0.00,0.00,0.00,0.00,0.00,0.00,0.00,0.00,0.00,0.00",,0.00,
lic vs ppf vs fd,,0,"0.00,0.00,0.00,0.00,0.00,0.00,0.00,0.00,0.00,0.00,0.00,0.00",,0.00,
lic vs ppf vs sip,,0,"0.00,0.00,0.00,0.00,0.00,0.00,0.00,0.00,0.00,0.00,0.00,0.00",,0.00,
link between lras and ppf,,0,"0.00,0.00,0.00,0.00,0.00,0.00,0.00,0.00,0.00,0.00,0.00,0.00",,0.00,
loan facility in ppf,,0,"0.00,0.00,0.00,0.00,0.00,0.00,0.00,0.00,0.00,0.00,0.00,0.00",,0.00,
mimms course ppf,,0,"0.00,0.00,0.00,0.00,0.00,0.00,0.00,0.00,0.00,0.00,0.00,0.00",,0.00,
minimum years of ppf meturity,,0,"0.00,0.00,0.00,0.00,0.00,0.00,0.00,0.00,0.00,0.00,0.00,0.00",,0.00,
monaaz ppf,,0,"0.00,0.00,0.00,0.00,0.00,0.00,0.00,0.00,0.00,0.00,0.00,0.00",,0.00,
money transfer to ppf from third person,,0,"0.00,0.00,0.00,0.00,0.00,0.00,0.00,0.00,0.00,0.00,0.00,0.00",,0.00,
mutual fund or ppf which is better,,0,"0.00,0.00,0.00,0.00,0.00,0.00,0.00,0.00,0.00,0.00,0.00,0.00",,0.00,
need to show ppf interest in itr,,0,"0.00,0.00,0.00,0.00,0.00,0.00,0.00,0.00,0.00,0.00,0.00,0.00",,0.00,
negative output gap on ppf,,0,"0.00,0.00,0.00,0.00,0.00,0.00,0.00,0.00,0.00,0.00,0.00,0.00",,0.00,
new ppf rules 2019,,0,"0.00,0.00,0.00,0.00,0.00,0.00,0.00,0.00,0.00,0.00,0.00,0.00",,0.00,
news about ppf nri,,0,"0.00,0.00,0.00,0.00,0.00,0.00,0.00,0.00,0.00,0.00,0.00,0.00",,0.00,
no1 ppf in the worled,,0,"0.00,0.00,0.00,0.00,0.00,0.00,0.00,0.00,0.00,0.00,0.00,0.00",,0.00,
nominie for ppf,,0,"0.00,0.00,0.00,0.00,0.00,0.00,0.00,0.00,0.00,0.00,0.00,0.00",,0.00,
nominie for ppf onine,,0,"0.00,0.00,0.00,0.00,0.00,0.00,0.00,0.00,0.00,0.00,0.00,0.00",,0.00,
nps and ppf,,0,"0.00,0.00,0.00,0.00,0.00,0.00,0.00,0.00,0.00,0.00,0.00,0.00",,0.00,
nre account holder can open ppf account,,0,"0.00,0.00,0.00,0.00,0.00,0.00,0.00,0.00,0.00,0.00,0.00,0.00",,0.00,
nreaccout holder can open ppf account,,0,"0.00,0.00,0.00,0.00,0.00,0.00,0.00,0.00,0.00,0.00,0.00,0.00",,0.00,
nri investment in ppf,,0,"0.00,0.00,0.00,0.00,0.00,0.00,0.00,0.00,0.00,0.00,0.00,0.00",,0.00,
nri ppf account closure,,0,"0.00,0.00,0.00,0.00,0.00,0.00,0.00,0.00,0.00,0.00,0.00,0.00",,0.00,
nri ppf actions,,0,"0.00,0.00,0.00,0.00,0.00,0.00,0.00,0.00,0.00,0.00,0.00,0.00",,0.00,
nri ppf fine,,0,"0.00,0.00,0.00,0.00,0.00,0.00,0.00,0.00,0.00,0.00,0.00,0.00",,0.00,
nri ppf illegal,,0,"0.00,0.00,0.00,0.00,0.00,0.00,0.00,0.00,0.00,0.00,0.00,0.00",,0.00,
nsc vs kvp vs ppf,,0,"0.00,0.00,0.00,0.00,0.00,0.00,0.00,0.00,0.00,0.00,0.00,0.00",,0.00,
nsc vs kvp vs ppf 2017,,0,"0.00,0.00,0.00,0.00,0.00,0.00,0.00,0.00,0.00,0.00,0.00,0.00",,0.00,
online ppf account in hdfc,,0,"0.00,0.00,0.00,0.00,0.00,0.00,0.00,0.00,0.00,0.00,0.00,0.00",,0.00,
open ppf account online axis,,0,"0.00,0.00,0.00,0.00,0.00,0.00,0.00,0.00,0.00,0.00,0.00,0.00",,0.00,
open ppf account online bob,,0,"0.00,0.00,0.00,0.00,0.00,0.00,0.00,0.00,0.00,0.00,0.00,0.00",,0.00,
open ppf account online hdfc bank,,0,"0.00,0.00,0.00,0.00,0.00,0.00,0.00,0.00,0.00,0.00,0.00,0.00",,0.00,
open ppf account online hsbc,,0,"0.00,0.00,0.00,0.00,0.00,0.00,0.00,0.00,0.00,0.00,0.00,0.00",,0.00,
open ppf account online icici,,0,"0.00,0.00,0.00,0.00,0.00,0.00,0.00,0.00,0.00,0.00,0.00,0.00",,0.00,
open ppf account online kotak,,0,"0.00,0.00,0.00,0.00,0.00,0.00,0.00,0.00,0.00,0.00,0.00,0.00",,0.00,
open ppf account online pnb,,0,"0.00,0.00,0.00,0.00,0.00,0.00,0.00,0.00,0.00,0.00,0.00,0.00",,0.00,
open ppf in axis bank,,0,"0.00,0.00,0.00,0.00,0.00,0.00,0.00,0.00,0.00,0.00,0.00,0.00",,0.00,
open ppf online,,0,"0.00,0.00,0.00,0.00,0.00,0.00,0.00,0.00,0.00,0.00,0.00,0.00",,0.00,
open sbi ppf online,,0,"0.00,0.00,0.00,0.00,0.00,0.00,0.00,0.00,0.00,0.00,0.00,0.00",,0.00,
opening ppf account for minors,,0,"0.00,0.00,0.00,0.00,0.00,0.00,0.00,0.00,0.00,0.00,0.00,0.00",,0.00,
part withdrawal from ppf account,,0,"0.00,0.00,0.00,0.00,0.00,0.00,0.00,0.00,0.00,0.00,0.00,0.00",,0.00,
pnb ppf scheme,,0,"0.00,0.00,0.00,0.00,0.00,0.00,0.00,0.00,0.00,0.00,0.00,0.00",,0.00,
positive output gap on ppf,,0,"0.00,0.00,0.00,0.00,0.00,0.00,0.00,0.00,0.00,0.00,0.00,0.00",,0.00,
positive thinkingn ppf,,0,"0.00,0.00,0.00,0.00,0.00,0.00,0.00,0.00,0.00,0.00,0.00,0.00",,0.00,
possibility of ppf account to be transferred,,0,"0.00,0.00,0.00,0.00,0.00,0.00,0.00,0.00,0.00,0.00,0.00,0.00",,0.00,
post office investment plan ppf,,0,"0.00,0.00,0.00,0.00,0.00,0.00,0.00,0.00,0.00,0.00,0.00,0.00",,0.00,
post office ppf for nri,,0,"0.00,0.00,0.00,0.00,0.00,0.00,0.00,0.00,0.00,0.00,0.00,0.00",,0.00,
post office ppf youtube,,0,"0.00,0.00,0.00,0.00,0.00,0.00,0.00,0.00,0.00,0.00,0.00,0.00",,0.00,
postal ppf calculator 2019,,0,"0.00,0.00,0.00,0.00,0.00,0.00,0.00,0.00,0.00,0.00,0.00,0.00",,0.00,
postal ppf scheme,,0,"0.00,0.00,0.00,0.00,0.00,0.00,0.00,0.00,0.00,0.00,0.00,0.00",,0.00,
ppf 2020,,0,"0.00,0.00,0.00,0.00,0.00,0.00,0.00,0.00,0.00,0.00,0.00,0.00",,0.00,
ppf a level economics,,0,"0.00,0.00,0.00,0.00,0.00,0.00,0.00,0.00,0.00,0.00,0.00,0.00",,0.00,
ppf ab sweden,,0,"0.00,0.00,0.00,0.00,0.00,0.00,0.00,0.00,0.00,0.00,0.00,0.00",,0.00,
ppf account 150k,,0,"0.00,0.00,0.00,0.00,0.00,0.00,0.00,0.00,0.00,0.00,0.00,0.00",,0.00,
ppf account axis bank interest rate,,0,"0.00,0.00,0.00,0.00,0.00,0.00,0.00,0.00,0.00,0.00,0.00,0.00",,0.00,
ppf account calculator icici,,0,"0.00,0.00,0.00,0.00,0.00,0.00,0.00,0.00,0.00,0.00,0.00,0.00",,0.00,
ppf account for child,,0,"0.00,0.00,0.00,0.00,0.00,0.00,0.00,0.00,0.00,0.00,0.00,0.00",,0.00,
ppf account for nri latest news,,0,"0.00,0.00,0.00,0.00,0.00,0.00,0.00,0.00,0.00,0.00,0.00,0.00",,0.00,
ppf account in hdfc bank interest rate calculator,,0,"0.00,0.00,0.00,0.00,0.00,0.00,0.00,0.00,0.00,0.00,0.00,0.00",,0.00,
ppf account in hdfc online,,0,"0.00,0.00,0.00,0.00,0.00,0.00,0.00,0.00,0.00,0.00,0.00,0.00",,0.00,
ppf account in post office in india,,0,"0.00,0.00,0.00,0.00,0.00,0.00,0.00,0.00,0.00,0.00,0.00,0.00",,0.00,
ppf account in sbi bank,,0,"0.00,0.00,0.00,0.00,0.00,0.00,0.00,0.00,0.00,0.00,0.00,0.00",,0.00,
ppf account in yes bank,,0,"0.00,0.00,0.00,0.00,0.00,0.00,0.00,0.00,0.00,0.00,0.00,0.00",,0.00,
ppf account interest in itr 2,,0,"0.00,0.00,0.00,0.00,0.00,0.00,0.00,0.00,0.00,0.00,0.00,0.00",,0.00,
ppf account interest rate 2019 20,,0,"0.00,0.00,0.00,0.00,0.00,0.00,0.00,0.00,0.00,0.00,0.00,0.00",,0.00,
ppf account interest rate in bank of baroda,,0,"0.00,0.00,0.00,0.00,0.00,0.00,0.00,0.00,0.00,0.00,0.00,0.00",,0.00,
ppf account maturity period,,0,"0.00,0.00,0.00,0.00,0.00,0.00,0.00,0.00,0.00,0.00,0.00,0.00",,0.00,
ppf account maximum limit per year,,0,"0.00,0.00,0.00,0.00,0.00,0.00,0.00,0.00,0.00,0.00,0.00,0.00",,0.00,
ppf account news,,0,"0.00,0.00,0.00,0.00,0.00,0.00,0.00,0.00,0.00,0.00,0.00,0.00",,0.00,
ppf account news in hindi,,0,"0.00,0.00,0.00,0.00,0.00,0.00,0.00,0.00,0.00,0.00,0.00,0.00",,0.00,
ppf account number details,,0,"0.00,0.00,0.00,0.00,0.00,0.00,0.00,0.00,0.00,0.00,0.00,0.00",,0.00,
ppf account number search,,0,"0.00,0.00,0.00,0.00,0.00,0.00,0.00,0.00,0.00,0.00,0.00,0.00",,0.00,
ppf account opened by nri,,0,"0.00,0.00,0.00,0.00,0.00,0.00,0.00,0.00,0.00,0.00,0.00,0.00",,0.00,
ppf account opening online in hdfc bank,,0,"0.00,0.00,0.00,0.00,0.00,0.00,0.00,0.00,0.00,0.00,0.00,0.00",,0.00,
ppf account pnb interest rate,,0,"0.00,0.00,0.00,0.00,0.00,0.00,0.00,0.00,0.00,0.00,0.00,0.00",,0.00,
ppf account sbi annual minimum,,0,"0.00,0.00,0.00,0.00,0.00,0.00,0.00,0.00,0.00,0.00,0.00,0.00",,0.00,
ppf alternative for nri,,0,"0.00,0.00,0.00,0.00,0.00,0.00,0.00,0.00,0.00,0.00,0.00,0.00",,0.00,
ppf and cpf,,0,"0.00,0.00,0.00,0.00,0.00,0.00,0.00,0.00,0.00,0.00,0.00,0.00",,0.00,
ppf andhra bank interest rate,,0,"0.00,0.00,0.00,0.00,0.00,0.00,0.00,0.00,0.00,0.00,0.00,0.00",,0.00,
ppf application form,,0,"0.00,0.00,0.00,0.00,0.00,0.00,0.00,0.00,0.00,0.00,0.00,0.00",,0.00,
ppf apply online in iob,,0,"0.00,0.00,0.00,0.00,0.00,0.00,0.00,0.00,0.00,0.00,0.00,0.00",,0.00,
ppf beneficiary,,0,"0.00,0.00,0.00,0.00,0.00,0.00,0.00,0.00,0.00,0.00,0.00,0.00",,0.00,
ppf beneficiary account type,,0,"0.00,0.00,0.00,0.00,0.00,0.00,0.00,0.00,0.00,0.00,0.00,0.00",,0.00,
ppf bp,,0,"0.00,0.00,0.00,0.00,0.00,0.00,0.00,0.00,0.00,0.00,0.00,0.00",,0.00,
ppf budget 2020,,0,"0.00,0.00,0.00,0.00,0.00,0.00,0.00,0.00,0.00,0.00,0.00,0.00",,0.00,
ppf calculator 2019,,0,"0.00,0.00,0.00,0.00,0.00,0.00,0.00,0.00,0.00,0.00,0.00,0.00",,0.00,
ppf calculator 2020,,0,"0.00,0.00,0.00,0.00,0.00,0.00,0.00,0.00,0.00,0.00,0.00,0.00",,0.00,
ppf calculator axis,,0,"0.00,0.00,0.00,0.00,0.00,0.00,0.00,0.00,0.00,0.00,0.00,0.00",,0.00,
ppf calculator for 25 years,,0,"0.00,0.00,0.00,0.00,0.00,0.00,0.00,0.00,0.00,0.00,0.00,0.00",,0.00,
ppf calculator hdfc 2020,,0,"0.00,0.00,0.00,0.00,0.00,0.00,0.00,0.00,0.00,0.00,0.00,0.00",,0.00,
ppf calculator iob,,0,"0.00,0.00,0.00,0.00,0.00,0.00,0.00,0.00,0.00,0.00,0.00,0.00",,0.00,
ppf calculator monthly sbi,,0,"0.00,0.00,0.00,0.00,0.00,0.00,0.00,0.00,0.00,0.00,0.00,0.00",,0.00,
ppf calculator post office 2019,,0,"0.00,0.00,0.00,0.00,0.00,0.00,0.00,0.00,0.00,0.00,0.00,0.00",,0.00,
ppf calculator sbi 2019,,0,"0.00,0.00,0.00,0.00,0.00,0.00,0.00,0.00,0.00,0.00,0.00,0.00",,0.00,
ppf calculator sbi bank,,0,"0.00,0.00,0.00,0.00,0.00,0.00,0.00,0.00,0.00,0.00,0.00,0.00",,0.00,
ppf calculator xls for 25 years,,0,"0.00,0.00,0.00,0.00,0.00,0.00,0.00,0.00,0.00,0.00,0.00,0.00",,0.00,
ppf calculator youtube,,0,"0.00,0.00,0.00,0.00,0.00,0.00,0.00,0.00,0.00,0.00,0.00,0.00",,0.00,
ppf camera,,0,"0.00,0.00,0.00,0.00,0.00,0.00,0.00,0.00,0.00,0.00,0.00,0.00",,0.00,
ppf can we withdraw,,0,"0.00,0.00,0.00,0.00,0.00,0.00,0.00,0.00,0.00,0.00,0.00,0.00",,0.00,
ppf car film cost,,0,"0.00,0.00,0.00,0.00,0.00,0.00,0.00,0.00,0.00,0.00,0.00,0.00",,0.00,
ppf car wrap cost,,0,"0.00,0.00,0.00,0.00,0.00,0.00,0.00,0.00,0.00,0.00,0.00,0.00",,0.00,
ppf certificate,,0,"0.00,1.00,0.00,0.00,1.00,0.00,0.00,0.00,0.00,0.00,0.00,1.00",,0.00,
ppf chart for 15 years,,0,"0.00,0.00,0.00,0.00,0.00,0.00,0.00,0.00,0.00,0.00,0.00,0.00",,0.00,
ppf chart for 25 years,,0,"0.00,0.00,0.00,0.00,0.00,0.00,0.00,0.00,0.00,0.00,0.00,0.00",,0.00,
ppf cheque clearance,,0,"0.00,0.00,0.00,0.00,0.00,0.00,0.00,0.00,0.00,0.00,0.00,0.00",,0.00,
ppf cheque not cleared,,0,"0.00,0.00,0.00,0.00,0.00,0.00,0.00,0.00,0.00,0.00,0.00,0.00",,0.00,
ppf closure cheque not cleared,,0,"0.00,0.00,0.00,0.00,0.00,0.00,0.00,0.00,0.00,0.00,0.00,0.00",,0.00,
ppf closure for nri,,0,"0.00,0.00,0.00,0.00,0.00,0.00,0.00,0.00,0.00,0.00,0.00,0.00",,0.00,
ppf closure for nri clearance cheque,,0,"0.00,0.00,0.00,0.00,0.00,0.00,0.00,0.00,0.00,0.00,0.00,0.00",,0.00,
ppf company uae,,0,"0.00,0.00,0.00,0.00,0.00,0.00,0.00,0.00,0.00,0.00,0.00,0.00",,0.00,
ppf compensation cap,,0,"0.00,0.00,0.00,0.00,0.00,0.00,0.00,0.00,0.00,0.00,0.00,0.00",,0.00,
ppf compound interest,,0,"0.00,0.00,0.00,0.00,0.00,0.00,0.00,0.00,0.00,0.00,0.00,0.00",,0.00,
ppf contribution limit,,0,"0.00,0.00,0.00,0.00,0.00,0.00,0.00,0.00,0.00,0.00,0.00,0.00",,0.00,
ppf csoport,,0,"0.00,0.00,0.00,0.00,0.00,0.00,0.00,0.00,0.00,0.00,0.00,0.00",,0.00,
ppf current interest rate in sbi,,0,"0.00,0.00,0.00,0.00,0.00,0.00,0.00,0.00,0.00,0.00,0.00,0.00",,0.00,
ppf curve youtube,,0,"0.00,0.00,0.00,0.00,0.00,0.00,0.00,0.00,0.00,0.00,0.00,0.00",,0.00,
ppf death benefits,,0,"0.00,0.00,0.00,0.00,0.00,0.00,0.00,0.00,0.00,0.00,0.00,0.00",,0.00,
ppf deposit limit 2019 20,,0,"0.00,0.00,0.00,0.00,0.00,0.00,0.00,0.00,0.00,0.00,0.00,0.00",,0.00,
ppf deposit limit per year,,0,"0.00,0.00,0.00,0.00,0.00,0.00,0.00,0.00,0.00,0.00,0.00,0.00",,0.00,
ppf deposit online,,0,"0.00,0.00,0.00,0.00,0.00,0.00,0.00,0.00,0.00,0.00,0.00,0.00",,0.00,
ppf diagram economic growth,,0,"0.00,0.00,0.00,0.00,0.00,0.00,0.00,0.00,0.00,0.00,0.00,0.00",,0.00,
ppf economics youtube,,0,"0.00,0.00,0.00,0.00,0.00,0.00,0.00,0.00,0.00,0.00,0.00,0.00",,0.00,
ppf faq,,0,"0.00,0.00,0.00,0.00,0.00,0.00,0.00,0.00,0.00,0.00,0.00,0.00",,0.00,
ppf fluid,,0,"0.00,0.00,0.00,0.00,0.00,0.00,0.00,0.00,0.00,0.00,0.00,0.00",,0.00,
ppf for igcse,,0,"0.00,0.00,0.00,0.00,0.00,0.00,0.00,0.00,0.00,0.00,0.00,0.00",,0.00,
ppf for nri 2019,,0,"0.00,0.00,0.00,0.00,0.00,0.00,0.00,0.00,0.00,0.00,0.00,0.00",,0.00,
ppf for nri in sbi,,0,"0.00,0.00,0.00,0.00,0.00,0.00,0.00,0.00,0.00,0.00,0.00,0.00",,0.00,
ppf full form in chemistry,,0,"0.00,0.00,0.00,0.00,0.00,0.00,0.00,0.00,0.00,0.00,0.00,0.00",,0.00,
ppf fund rules,,0,"0.00,0.00,0.00,0.00,0.00,0.00,0.00,0.00,0.00,0.00,0.00,0.00",,0.00,
ppf fund rules for minor,,0,"0.00,0.00,0.00,0.00,0.00,0.00,0.00,0.00,0.00,0.00,0.00,0.00",,0.00,
ppf gov iq,,0,"0.00,0.00,0.00,0.00,0.00,0.00,0.00,0.00,0.00,0.00,0.00,0.00",,0.00,
ppf gov iq category batch appeal,,0,"0.00,0.00,0.00,0.00,0.00,0.00,0.00,0.00,0.00,0.00,0.00,0.00",,0.00,
ppf gov iq category batch retirement,,0,"0.00,0.00,0.00,0.00,0.00,0.00,0.00,0.00,0.00,0.00,0.00,0.00",,0.00,
ppf gov iq category batch special committees,,0,"0.00,0.00,0.00,0.00,0.00,0.00,0.00,0.00,0.00,0.00,0.00,0.00",,0.00,
ppf gov iq category latest news,,0,"0.00,0.00,0.00,0.00,0.00,0.00,0.00,0.00,0.00,0.00,0.00,0.00",,0.00,
ppf gov iq content uploads 2018,,0,"0.00,0.00,0.00,0.00,0.00,0.00,0.00,0.00,0.00,0.00,0.00,0.00",,0.00,
ppf gov iq index,,0,"0.00,0.00,0.00,0.00,0.00,0.00,0.00,0.00,0.00,0.00,0.00,0.00",,0.00,
ppf graph economics shifting upward,,0,"0.00,0.00,0.00,0.00,0.00,0.00,0.00,0.00,0.00,0.00,0.00,0.00",,0.00,
ppf hentai,,0,"0.00,0.00,0.00,0.00,0.00,0.00,0.00,0.00,0.00,0.00,0.00,0.00",,0.00,
ppf hydronic pipe,,0,"0.00,0.00,0.00,0.00,0.00,0.00,0.00,0.00,0.00,0.00,0.00,0.00",,0.00,
ppf in budget,,0,"0.00,0.00,0.00,0.00,0.00,0.00,0.00,0.00,0.00,0.00,0.00,0.00",,0.00,
ppf in budget 2020,,0,"0.00,0.00,0.00,0.00,0.00,0.00,0.00,0.00,0.00,0.00,0.00,0.00",,0.00,
ppf in hdfc bank,,0,"0.00,0.00,0.00,0.00,0.00,0.00,0.00,0.00,0.00,0.00,0.00,0.00",,0.00,
ppf in hdfc bank online,,0,"0.00,0.00,0.00,0.00,0.00,0.00,0.00,0.00,0.00,0.00,0.00,0.00",,0.00,
ppf in post office or sbi which is better,,0,"0.00,0.00,0.00,0.00,0.00,0.00,0.00,0.00,0.00,0.00,0.00,0.00",,0.00,
ppf installers palo alto,,0,"0.00,0.00,0.00,0.00,0.00,0.00,0.00,0.00,0.00,0.00,0.00,0.00",,0.00,
ppf installers redwood city,,0,"0.00,0.00,0.00,0.00,0.00,0.00,0.00,0.00,0.00,0.00,0.00,0.00",,0.00,
ppf interest calculation method,,0,"0.00,0.00,0.00,1.00,0.00,0.00,0.00,0.50,0.00,0.00,0.00,1.00",,0.00,
ppf interest formula,,0,"0.00,0.00,0.00,0.00,0.00,0.00,0.00,0.00,0.00,0.00,0.00,0.00",,0.00,
ppf interest rate 2017 18,,0,"0.00,0.00,0.00,0.00,0.00,0.00,0.00,0.00,0.00,0.00,0.00,0.00",,0.00,
ppf interest rate 2018,,0,"0.00,0.00,0.00,0.00,0.00,0.00,0.00,0.00,0.00,0.00,0.00,0.00",,0.00,
ppf interest rate 2018 19,,0,"0.00,0.00,0.00,0.00,0.00,0.00,0.00,0.00,0.00,0.00,0.00,0.00",,0.00,
ppf interest rate 2018 19 in sbi,,0,"0.00,0.00,0.00,0.00,0.00,0.00,0.00,0.00,0.00,0.00,0.00,0.00",,0.00,
ppf interest rate 2019,,0,"0.00,0.00,0.00,0.00,0.00,0.00,0.00,0.00,0.00,0.00,0.00,0.00",,0.00,
ppf interest rate 2019 20,,0,"0.00,0.00,0.00,0.00,0.00,0.00,0.00,0.00,0.00,0.00,0.00,0.00",,0.00,
ppf interest rate 2020,,0,"0.00,0.00,0.00,0.00,0.00,0.00,0.00,0.00,0.00,0.00,0.00,0.00",,0.00,
ppf interest rate 2020 in post office,,0,"0.00,0.00,0.00,0.00,0.00,0.00,0.00,0.00,0.00,0.00,0.00,0.00",,0.00,
ppf interest rate calculator in post office,,0,"0.00,0.00,0.00,0.00,0.00,0.00,0.00,0.00,0.00,0.00,0.00,0.00",,0.00,
ppf interest rate comparison,,0,"0.00,0.00,0.00,0.00,0.00,0.00,0.00,0.00,0.00,0.00,0.00,0.00",,0.00,
ppf interest rate in all banks,,0,"0.00,0.00,0.00,0.00,0.00,0.00,0.00,0.00,0.00,0.00,0.00,0.00",,0.00,
ppf interest rate in post office 2020,,0,"0.00,0.00,0.00,0.00,0.00,0.00,0.00,0.00,0.00,0.00,0.00,0.00",,0.00,
ppf interest rate pnb,,0,"0.00,0.00,0.00,0.00,0.00,0.00,0.00,0.00,0.00,0.00,0.00,0.00",,0.00,
ppf interest where to show in itr,,0,"0.00,0.00,0.00,0.00,0.00,0.00,0.00,0.00,0.00,0.00,0.00,0.00",,0.00,
ppf investment limit 2020,,0,"0.00,0.00,0.00,0.00,0.00,0.00,0.00,0.00,0.00,0.00,0.00,0.00",,0.00,
ppf investment limit per year,,0,"0.00,0.00,0.00,0.00,0.00,0.00,0.00,0.00,0.00,0.00,0.00,0.00",,0.00,
ppf levels,,0,"0.00,0.00,0.00,0.00,0.00,0.00,0.00,0.00,0.00,0.00,0.00,0.00",,0.00,
ppf life befor and nowadays,,0,"0.00,0.00,0.00,0.00,0.00,0.00,0.00,0.00,0.00,0.00,0.00,0.00",,0.00,
ppf life before and nowadays,,0,"0.00,0.00,0.00,0.00,0.00,0.00,0.00,0.00,0.00,0.00,0.00,0.00",,0.00,
ppf limit 2020,,0,"0.00,0.00,0.00,0.00,0.00,0.00,0.00,0.00,0.00,0.00,0.00,0.00",,0.00,
ppf limit for a year,,0,"0.00,0.00,0.00,0.00,0.00,0.00,0.00,0.00,0.00,0.00,0.00,0.00",,0.00,
ppf limit in budget 2020,,0,"0.00,0.00,0.00,0.00,0.00,0.00,0.00,0.00,0.00,0.00,0.00,0.00",,0.00,
ppf limit in new budget,,0,"0.00,0.00,0.00,0.00,0.00,0.00,0.00,0.00,0.00,0.00,0.00,0.00",,0.00,
ppf limit increase in 2020,,0,"0.00,0.00,0.00,0.00,0.00,0.00,0.00,0.00,0.00,0.00,0.00,0.00",,0.00,
ppf limit per year 2018,,0,"0.00,0.00,0.00,0.00,0.00,0.00,0.00,0.00,0.00,0.00,0.00,0.00",,0.00,
ppf limit per year 2019,,0,"0.00,0.00,0.00,0.00,0.00,0.00,0.00,0.00,0.00,0.00,0.00,0.00",,0.00,
ppf loan online,,0,"0.00,0.00,0.00,0.00,0.00,0.00,0.00,0.00,0.00,0.00,0.00,0.00",,0.00,
ppf lock in,,0,"0.00,0.00,0.00,0.00,0.00,0.00,0.00,0.00,0.00,0.00,0.00,0.00",,0.00,
ppf lump sum calculator,,0,"0.00,0.00,0.00,0.00,0.00,0.00,0.00,0.00,0.00,0.00,0.00,0.00",,0.00,
ppf maximum contribution per year,,0,"0.00,0.00,0.00,0.00,0.00,0.00,0.00,0.00,0.00,0.00,0.00,0.00",,0.00,
ppf maximum per year,,0,"0.00,0.00,0.00,0.00,0.00,0.00,0.00,0.00,0.00,0.00,0.00,0.00",,0.00,
ppf me,,0,"0.00,0.00,0.00,0.00,0.00,0.00,0.00,0.00,0.00,0.00,0.00,0.00",,0.00,
ppf medication,,0,"0.00,0.00,0.00,0.00,0.00,0.00,0.00,0.00,0.00,0.00,0.00,0.00",,0.00,
ppf model economics,,0,"0.00,0.00,0.00,0.00,0.00,0.00,0.00,0.00,0.00,0.00,0.00,0.00",,0.00,
ppf money deposit limit,,0,"0.00,0.00,0.00,0.00,0.00,0.00,0.00,0.00,0.00,0.00,0.00,0.00",,0.00,
ppf multiple choice questions,,0,"0.00,0.00,0.00,0.00,0.00,0.00,0.00,0.00,0.00,0.00,0.00,0.00",,0.00,
ppf new rules 2019,,0,"0.00,0.00,0.00,0.00,0.00,0.00,0.00,0.00,0.00,0.00,0.00,0.00",,0.00,
ppf opening procedure,,0,"0.00,0.00,0.00,0.00,0.00,0.00,0.00,0.00,0.00,0.00,0.00,0.00",,0.00,
ppf or elss,,0,"0.00,0.00,0.00,0.00,0.00,0.00,0.00,0.00,0.00,0.00,0.00,0.00",,0.00,
ppf or nifty index,,0,"0.00,0.00,0.00,0.00,0.00,0.00,0.00,0.00,0.00,0.00,0.00,0.00",,0.00,
ppf para carros,,0,"0.00,0.00,0.00,0.00,0.00,0.00,0.00,0.00,0.00,0.00,0.00,0.00",,0.00,
ppf pension news,,0,"0.00,0.00,0.00,0.00,0.00,0.00,0.00,0.00,0.00,0.00,0.00,0.00",,0.00,
ppf photography youtube,,0,"0.00,0.00,0.00,0.00,0.00,0.00,0.00,0.00,0.00,0.00,0.00,0.00",,0.00,
ppf pipe meaning,,0,"0.00,0.00,0.00,0.00,0.00,0.00,0.00,0.00,0.00,0.00,0.00,0.00",,0.00,
ppf pipes malaysia,,0,"0.00,0.00,0.00,0.00,0.00,0.00,0.00,0.00,0.00,0.00,0.00,0.00",,0.00,
ppf plotter for sale,,0,"0.00,0.00,0.00,0.00,0.00,0.00,0.00,0.00,0.00,0.00,0.00,0.00",,0.00,
ppf pnb interest rate,,0,"0.00,0.00,0.00,0.00,0.00,0.00,0.00,0.00,0.00,0.00,0.00,0.00",,0.00,
ppf postal calculator,,0,"0.00,0.00,0.00,0.00,0.00,0.00,0.00,0.00,0.00,0.00,0.00,0.00",,0.00,
ppf powergroupgcc,,0,"0.00,0.00,0.00,0.00,0.00,0.00,0.00,0.00,0.00,0.00,0.00,0.00",,0.00,
ppf powergroupgcc.com,,0,"0.00,0.00,0.00,0.00,0.00,0.00,0.00,0.00,0.00,0.00,0.00,0.00",,0.00,
ppf premium,,0,"0.00,0.00,0.00,0.00,0.00,0.00,0.00,0.00,0.00,0.00,0.00,0.00",,0.00,
ppf protection car promotion,,0,"0.00,0.00,0.00,0.00,0.00,0.00,0.00,0.00,0.00,0.00,0.00,0.00",,0.00,
ppf rate 2020,,0,"0.00,0.00,0.00,0.00,0.00,0.00,0.00,0.00,0.00,0.00,0.00,0.00",,0.00,
ppf rate of interest 2019 20,,0,"0.00,0.00,0.00,0.00,0.00,0.00,0.00,0.00,0.00,0.00,0.00,0.00",,0.00,
ppf redlection example tok,,0,"0.00,0.00,0.00,0.00,0.00,0.00,0.00,0.00,0.00,0.00,0.00,0.00",,0.00,
ppf regulations,,0,"0.00,0.00,0.00,0.00,0.00,0.00,0.00,0.00,0.00,0.00,0.00,0.00",,0.00,
ppf rol in uae,,0,"0.00,0.00,0.00,0.00,0.00,0.00,0.00,0.00,0.00,0.00,0.00,0.00",,0.00,
ppf rule in uae,,0,"0.00,0.00,0.00,0.00,0.00,0.00,0.00,0.00,0.00,0.00,0.00,0.00",,0.00,
ppf savings,,0,"0.00,0.00,0.00,0.00,0.00,0.00,0.00,0.00,0.00,0.00,0.00,0.00",,0.00,
ppf scarcity,,0,"0.00,0.00,0.00,0.00,0.00,0.00,0.00,0.00,0.00,0.00,0.00,0.00",,0.00,
ppf scheme 2020,,0,"0.00,0.00,0.00,0.00,0.00,0.00,0.00,0.00,0.00,0.00,0.00,0.00",,0.00,
ppf scheme gramin bank,,0,"0.00,0.00,0.00,0.00,0.00,0.00,0.00,0.00,0.00,0.00,0.00,0.00",,0.00,
ppf scheme gramin bank pdf,,0,"0.00,0.00,0.00,0.00,0.00,0.00,0.00,0.00,0.00,0.00,0.00,0.00",,0.00,
ppf scheme gramin banki pdf,,0,"0.00,0.00,0.00,0.00,0.00,0.00,0.00,0.00,0.00,0.00,0.00,0.00",,0.00,
ppf scheme in post office in hindi,,0,"0.00,0.00,0.00,0.00,0.00,0.00,0.00,0.00,0.00,0.00,0.00,0.00",,0.00,
ppf scheme youtube,,0,"0.00,0.00,0.00,0.00,0.00,0.00,0.00,0.00,0.00,0.00,0.00,0.00",,0.00,
ppf school,,0,"0.00,0.00,0.00,0.00,0.00,0.00,0.00,0.00,0.00,0.00,0.00,0.00",,0.00,
ppf scraity,,0,"0.00,0.00,0.00,0.00,0.00,0.00,0.00,0.00,0.00,0.00,0.00,0.00",,0.00,
ppf shfit to right,,0,"0.00,0.00,0.00,0.00,0.00,0.00,0.00,0.00,0.00,0.00,0.00,0.00",,0.00,
ppf shfit to right macroeconomic,,0,"0.00,0.00,0.00,0.00,0.00,0.00,0.00,0.00,0.00,0.00,0.00,0.00",,0.00,
ppf similarly,,0,"0.00,0.00,0.00,0.00,0.00,0.00,0.00,0.00,0.00,0.00,0.00,0.00",,0.00,
ppf similarly scheme,,0,"0.00,0.00,0.00,0.00,0.00,0.00,0.00,0.00,0.00,0.00,0.00,0.00",,0.00,
ppf sip,,0,"0.00,0.00,0.00,0.00,0.00,0.00,0.00,0.00,0.00,0.00,0.00,0.00",,0.00,
ppf stafford,,0,"0.00,0.00,0.00,0.00,0.00,0.00,0.00,0.00,0.00,0.00,0.00,0.00",,0.00,
ppf sticker plastic in uae,,0,"0.00,0.00,0.00,0.00,0.00,0.00,0.00,0.00,0.00,0.00,0.00,0.00",,0.00,
ppf table for 15 years,,0,"0.00,0.00,0.00,0.00,0.00,0.00,0.00,0.00,0.00,0.00,0.00,0.00",,0.00,
ppf tax exemption limit 2018-19,,0,"0.00,0.00,0.00,0.00,0.00,0.00,0.00,0.00,0.00,0.00,0.00,0.00",,0.00,
ppf tenure meaning,,0,"0.00,0.00,0.00,0.00,0.00,0.00,0.00,0.00,0.00,0.00,0.00,0.00",,0.00,
ppf thickness by micron,,0,"0.00,0.00,0.00,0.00,0.00,0.00,0.00,0.00,0.00,0.00,0.00,0.00",,0.00,
ppf to wav converter,,0,"0.00,0.00,0.00,0.00,0.00,0.00,0.00,0.00,0.00,0.00,0.00,0.00",,0.00,
ppf transaction in sbi,,0,"0.00,0.00,0.00,0.00,0.00,0.00,0.00,0.00,0.00,0.00,0.00,0.00",,0.00,
ppf transaction limit per year,,0,"0.00,0.00,0.00,0.00,0.00,0.00,0.00,0.00,0.00,0.00,0.00,0.00",,0.00,
ppf two commodities,,0,"0.00,0.00,0.00,0.00,0.00,0.00,0.00,0.00,0.00,0.00,0.00,0.00",,0.00,
ppf vs 5 year fd,,0,"0.00,0.00,0.00,0.00,0.00,0.00,0.00,0.00,0.00,0.00,0.00,0.00",,0.00,
ppf vs fd interest rate,,0,"0.00,0.00,0.00,0.00,0.00,0.00,0.00,0.00,0.00,0.00,0.00,0.00",,0.00,
ppf vs fd investment,,0,"0.00,0.00,0.00,0.00,0.00,0.00,0.00,0.00,0.00,0.00,0.00,0.00",,0.00,
ppf withdrawal procedure,,0,"0.00,0.00,0.00,0.00,0.00,0.00,0.00,0.00,0.00,0.00,0.00,0.00",,0.00,
ppf yamaha,,0,"0.00,0.00,0.00,0.00,0.00,0.00,0.00,0.00,0.00,0.00,0.00,0.00",,0.00,
ppf yearly deposit limit,,0,"0.00,0.00,0.00,0.00,0.00,0.00,0.00,0.00,0.00,0.00,0.00,0.00",,0.00,
ppf youtube,,0,"0.00,0.00,0.00,0.00,0.00,0.00,0.00,0.00,0.00,0.00,0.00,0.00",,0.00,
ppf youtube tamil,,0,"0.00,0.00,0.00,0.00,0.00,0.00,0.00,0.00,0.00,0.00,0.00,0.00",,0.00,
ppf என ன,,0,"0.00,0.00,0.00,0.00,0.00,0.00,0.00,0.00,0.00,0.00,0.00,0.00",,0.00,
previoys ppf interest rate in india,,0,"0.00,0.00,0.00,0.00,0.00,0.00,0.00,0.00,0.00,0.00,0.00,0.00",,0.00,
public provident fund ppf account,,0,"0.00,0.00,0.00,0.00,0.00,0.00,0.00,0.00,0.00,0.00,0.00,0.00",,0.00,
public provident fund ppf pdf,,0,"0.00,0.00,0.00,0.00,0.00,0.00,0.00,0.00,0.00,0.00,0.00,0.00",,0.00,
public provident fund ppf pdf download,,0,"0.00,0.00,0.00,0.00,0.00,0.00,0.00,0.00,0.00,0.00,0.00,0.00",,0.00,
purified protein ppf bp,,0,"0.00,0.00,0.00,0.00,0.00,0.00,0.00,0.00,0.00,0.00,0.00,0.00",,0.00,
quatect ppf,,0,"0.00,0.00,0.00,0.00,0.00,0.00,0.00,0.00,0.00,0.00,0.00,0.00",,0.00,
quatect ppf uae,,0,"0.00,0.00,0.00,0.00,0.00,0.00,0.00,0.00,0.00,0.00,0.00,0.00",,0.00,
quattect ppf,,0,"0.00,0.00,0.00,0.00,0.00,0.00,0.00,0.00,0.00,0.00,0.00,0.00",,0.00,
quetect ppf uae,,0,"0.00,0.00,0.00,0.00,0.00,0.00,0.00,0.00,0.00,0.00,0.00,0.00",,0.00,
recently moved to abroad can i claim ppf tax waiver,,0,"0.00,0.00,0.00,0.00,0.00,0.00,0.00,0.00,0.00,0.00,0.00,0.00",,0.00,
return calculator of ppf ac,,0,"0.00,0.00,0.00,0.00,0.00,0.00,0.00,0.00,0.00,0.00,0.00,0.00",,0.00,
return on ppf account,,0,"0.00,0.00,0.00,0.00,0.00,0.00,0.00,0.00,0.00,0.00,0.00,0.00",,0.00,
sbi bank ppf interest rate 2018,,0,"0.00,0.00,0.00,0.00,0.00,0.00,0.00,0.00,0.00,0.00,0.00,0.00",,0.00,
sbi online ppf account login,,0,"0.00,0.00,0.00,0.00,0.00,0.00,0.00,0.00,0.00,0.00,0.00,0.00",,0.00,
sbi ppf account access online,,0,"0.00,0.00,0.00,0.00,0.00,0.00,0.00,0.00,0.00,0.00,0.00,0.00",,0.00,
sbi ppf account closing procedure,,0,"0.00,0.00,0.00,0.00,0.00,0.00,0.00,0.00,0.00,0.00,0.00,0.00",,0.00,
sbi ppf account interest rate 2018,,0,"0.00,0.00,0.00,0.00,0.00,0.00,0.00,0.00,0.00,0.00,0.00,0.00",,0.00,
sbi ppf account interest rate 2018 19,,0,"0.00,0.00,0.00,0.00,0.00,0.00,0.00,0.00,0.00,0.00,0.00,0.00",,0.00,
sbi ppf account online,,0,"0.00,0.00,0.00,0.00,0.00,0.00,0.00,0.00,0.00,0.00,0.00,0.00",,0.00,
sbi ppf account online apply,,0,"0.00,0.00,0.00,0.00,0.00,0.00,0.00,0.00,0.00,0.00,0.00,0.00",,0.00,
sbi ppf account online banking,,0,"0.00,0.00,0.00,0.00,0.00,0.00,0.00,0.00,0.00,0.00,0.00,0.00",,0.00,
sbi ppf account online login,,0,"0.00,0.00,0.00,0.00,0.00,0.00,0.00,0.00,0.00,0.00,0.00,0.00",,0.00,
sbi ppf account online registration,,0,"0.00,0.00,0.00,0.00,0.00,0.00,0.00,0.00,0.00,0.00,0.00,0.00",,0.00,
sbi ppf calculator 2019,,0,"0.00,0.00,0.00,0.00,0.00,0.00,0.00,0.00,0.00,0.00,0.00,0.00",,0.00,
sbi ppf calculator 2020,,0,"0.00,0.00,0.00,0.00,0.00,0.00,0.00,0.00,0.00,0.00,0.00,0.00",,0.00,
sbi ppf interest rate 2018,,0,"0.00,0.00,0.00,0.00,0.00,0.00,0.00,0.00,0.00,0.00,0.00,0.00",,0.00,
sbi ppf interest rate 2018 19,,0,"0.00,0.00,0.00,0.00,0.00,0.00,0.00,0.00,0.00,0.00,0.00,0.00",,0.00,
sbi ppf interest rate 2018 19 calculator,,0,"0.00,0.00,0.00,0.00,0.00,0.00,0.00,0.00,0.00,0.00,0.00,0.00",,0.00,
sbi ppf interest rate 2018 calculator,,0,"0.00,0.00,0.00,0.00,0.00,0.00,0.00,0.00,0.00,0.00,0.00,0.00",,0.00,
sbi ppf interest rate 2018 hindi,,0,"0.00,0.00,0.00,0.00,0.00,0.00,0.00,0.00,0.00,0.00,0.00,0.00",,0.00,
sbi ppf interest rate 2018-19 hindi,,0,"0.00,0.00,0.00,0.00,0.00,0.00,0.00,0.00,0.00,0.00,0.00,0.00",,0.00,
sbi ppf interest rate 2019,,0,"0.00,0.00,0.00,0.00,0.00,0.00,0.00,0.00,0.00,0.00,0.00,0.00",,0.00,
sbi ppf interest rate 2020,,0,"0.00,0.00,0.00,0.00,0.00,0.00,0.00,0.00,0.00,0.00,0.00,0.00",,0.00,
sbi ppf interest rate august 2018,,0,"0.00,0.00,0.00,0.00,0.00,0.00,0.00,0.00,0.00,0.00,0.00,0.00",,0.00,
sbi ppf interest rates oct 2018,,0,"0.00,0.00,0.00,0.00,0.00,0.00,0.00,0.00,0.00,0.00,0.00,0.00",,0.00,
sbi ppf limit,,0,"0.00,0.00,0.00,0.00,0.00,0.00,0.00,0.00,0.00,0.00,0.00,0.00",,0.00,
sbi ppf limit per year,,0,"0.00,0.00,0.00,0.00,0.00,0.00,0.00,0.00,0.00,0.00,0.00,0.00",,0.00,
sbi ppf online banking,,0,"0.00,0.00,0.00,0.00,0.00,0.00,0.00,0.00,0.00,0.00,0.00,0.00",,0.00,
sbi ppf online login,,0,"0.00,0.00,0.00,0.00,0.00,0.00,0.00,1.00,0.00,0.00,0.00,0.00",,0.00,
sbi ppf online opening,,0,"0.00,0.00,0.00,0.00,0.00,0.00,0.00,0.00,0.00,0.00,0.00,0.00",,0.00,
sbi ppf online registration,,0,"0.00,0.00,0.00,0.00,0.00,0.00,0.00,0.00,0.00,0.00,0.00,0.00",,0.00,
sbi ppf youtube,,0,"0.00,0.00,0.00,0.00,0.00,0.00,0.00,0.00,0.00,0.00,0.00,0.00",,0.00,
scheme same like ppf,,0,"0.00,0.00,0.00,0.00,0.00,0.00,0.00,0.00,0.00,0.00,0.00,0.00",,0.00,
see ppf account balance online,,0,"0.00,0.00,0.00,0.00,0.00,0.00,0.00,0.00,0.00,0.00,0.00,0.00",,0.00,
sip vs rd vs ppf,,0,"0.00,0.00,0.00,0.00,0.00,0.00,0.00,0.00,0.00,0.00,0.00,0.00",,0.00,
specialized goods ppf,,0,"0.00,0.00,0.00,0.00,0.00,0.00,0.00,0.00,0.00,0.00,0.00,0.00",,0.00,
state bank of india ppf account opening form pdf,,0,"0.00,0.00,0.00,0.00,0.00,0.00,0.00,0.00,0.00,0.00,0.00,0.00",,0.00,
stek ppf paint protection film,,0,"0.00,0.00,0.00,0.00,0.00,0.00,0.00,0.00,0.00,0.00,0.00,0.00",,0.00,
stek ppf paint protection film uae,,0,"0.00,0.00,0.00,0.00,0.00,0.00,0.00,0.00,0.00,0.00,0.00,0.00",,0.00,
study.com shifts in ppf,,0,"0.00,0.00,0.00,0.00,0.00,0.00,0.00,0.00,0.00,0.00,0.00,0.00",,0.00,
suntek ppf in dubai,,0,"0.00,0.00,0.00,0.00,0.00,0.00,0.00,0.00,0.00,0.00,0.00,0.00",,0.00,
suntek ppf near me,,0,"0.00,0.00,0.00,0.00,0.00,0.00,0.00,0.00,0.00,0.00,0.00,0.00",,0.00,
suntek ppf online shop,,0,"0.00,0.00,0.00,0.00,0.00,0.00,0.00,0.00,0.00,0.00,0.00,0.00",,0.00,
suntek ppf ultra,,0,"0.00,0.00,0.00,0.00,0.00,0.00,0.00,0.00,0.00,0.00,0.00,0.00",,0.00,
suntek ppf warranty foam,,0,"0.00,0.00,0.00,0.00,0.00,0.00,0.00,0.00,0.00,0.00,0.00,0.00",,0.00,
suntek vs 3m ppf,,0,"0.00,0.00,0.00,0.00,0.00,0.00,0.00,0.00,0.00,0.00,0.00,0.00",,0.00,
syndicate bank ppf interest rate 2018,,0,"0.00,0.00,0.00,0.00,0.00,0.00,0.00,0.00,0.00,0.00,0.00,0.00",,0.00,
team ppf,,0,"0.00,0.00,0.00,0.00,0.00,0.00,0.00,0.00,0.00,0.00,0.00,0.00",,0.00,
the negative slope of the ppf curve reflects the,,0,"0.00,0.00,0.00,0.00,0.00,0.00,0.00,0.00,0.00,0.00,0.00,0.00",,0.00,
throufh axis investing in union bank ppf,,0,"0.00,0.00,0.00,0.00,0.00,0.00,0.00,0.00,0.00,0.00,0.00,0.00",,0.00,
tok ppf example,,0,"1.00,1.00,1.00,1.00,0.00,0.00,0.00,0.00,0.00,0.00,0.00,1.00",,0.00,
tok ppf example form,,0,"0.00,0.00,0.00,0.00,0.00,0.00,0.00,0.00,0.00,0.00,0.00,0.00",,0.00,
tok ppf form 2018,,0,"0.00,0.00,0.00,0.00,0.00,0.00,0.00,0.00,0.00,0.00,0.00,0.00",,0.00,
tok ppf form sample,,0,"0.00,0.00,0.00,0.00,0.00,0.00,0.00,0.00,0.00,0.00,0.00,0.00",,0.00,
tok ppf word limit,,0,"0.00,0.00,0.00,0.00,0.00,0.00,0.00,0.00,0.00,0.00,0.00,0.00",,0.00,
topaz ppf cost,,0,"0.00,0.00,0.00,0.00,0.00,0.00,0.00,0.00,0.00,0.00,0.00,0.00",,0.00,
transfeeing to ubi ppf accounts,,0,"0.00,0.00,0.00,0.00,0.00,0.00,0.00,0.00,0.00,0.00,0.00,0.00",,0.00,
tsh blue 7 29 ppf pipe torque,,0,"0.00,0.00,0.00,0.00,0.00,0.00,0.00,0.00,0.00,0.00,0.00,0.00",,0.00,
ttp www.ppf.gov.iq,,0,"0.00,0.00,0.00,0.00,0.00,0.00,0.00,0.00,0.00,0.00,0.00,0.00",,0.00,
uco bank ppf account,,0,"0.00,0.00,0.00,0.00,0.00,0.00,0.00,0.00,0.00,0.00,0.00,0.00",,0.00,
uttar gramin bank bihar available ppf account,,0,"0.00,0.00,0.00,0.00,0.00,0.00,0.00,0.00,0.00,0.00,0.00,0.00",,0.00,
uttargramin bank nihar available ppf account,,0,"0.00,0.00,0.00,0.00,0.00,0.00,0.00,0.00,0.00,0.00,0.00,0.00",,0.00,
water filter ppf,,0,"0.00,0.00,0.00,0.00,0.00,0.00,0.00,0.00,0.00,0.00,0.00,0.00",,0.00,
wats ppf benificiery,,0,"0.00,0.00,0.00,0.00,0.00,0.00,0.00,0.00,0.00,0.00,0.00,0.00",,0.00,
what are other options like ppf nps,,0,"0.00,0.00,0.00,0.00,0.00,0.00,0.00,0.00,0.00,0.00,0.00,0.00",,0.00,
what does a straight slope of a ppf mean,,0,"0.00,0.00,0.00,0.00,0.00,0.00,0.00,0.00,0.00,0.00,0.00,0.00",,0.00,
what happens to my ppf account if i shift abroad,,0,"0.00,0.00,0.00,0.00,0.00,0.00,0.00,0.00,0.00,0.00,0.00,0.00",,0.00,
what if i deposit more amount in ppf,,0,"0.00,0.00,0.00,0.00,0.00,0.00,0.00,0.00,0.00,0.00,0.00,0.00",,0.00,
what is ppf beneficiary,,0,"0.00,0.00,0.00,0.00,0.00,0.00,0.00,0.00,0.00,0.00,0.00,0.00",,0.00,
what is ppf in first aid,,0,"0.00,0.00,0.00,0.00,0.00,0.00,0.00,0.00,0.00,0.00,0.00,0.00",,0.00,
what to do after ppf maturity,,0,"0.00,0.00,0.00,0.00,0.00,0.00,0.00,0.00,0.00,0.00,0.00,0.00",,0.00,
when is it effecient on the ppf curve,,0,"0.00,0.00,0.00,0.00,0.00,0.00,0.00,0.00,0.00,0.00,0.00,0.00",,0.00,
when is ppf negatively sloped,,0,"0.00,0.00,0.00,0.00,0.00,0.00,0.00,0.00,0.00,0.00,0.00,0.00",,0.00,
when is ppf positively sloped,,0,"0.00,0.00,0.00,0.00,0.00,0.00,0.00,0.00,0.00,0.00,0.00,0.00",,0.00,
when is ppf positively straight line,,0,"0.00,0.00,0.00,0.00,0.00,0.00,0.00,0.00,0.00,0.00,0.00,0.00",,0.00,
when ppf is completing 15 years how to check,,0,"0.00,0.00,0.00,0.00,0.00,0.00,0.00,0.00,0.00,0.00,0.00,0.00",,0.00,
when should we deposit money in ppf account,,0,"0.00,0.00,0.00,0.00,0.00,0.00,0.00,0.00,0.00,0.00,0.00,0.00",,0.00,
where is ppf option in hdfc netbanking,,0,"0.00,0.00,0.00,0.00,0.00,0.00,0.00,0.00,0.00,0.00,0.00,0.00",,0.00,
where to open ppf account in post office,,0,"0.00,0.00,0.00,0.00,0.00,0.00,0.00,0.00,0.00,0.00,0.00,0.00",,0.00,
where to show ppf interest in itr,,0,"0.00,0.00,0.00,0.00,0.00,0.00,0.00,0.00,0.00,0.00,0.00,0.00",,0.00,
where to show ppf interest in itr 1 2017,,0,"0.00,0.00,0.00,0.00,0.00,0.00,0.00,0.00,0.00,0.00,0.00,0.00",,0.00,
where to show ppf interest in itr 2,,0,"0.00,0.00,0.00,0.00,0.00,0.00,0.00,0.00,0.00,0.00,0.00,0.00",,0.00,
where to show ppf interest in itr 2 for nri,,0,"0.00,0.00,0.00,0.00,0.00,0.00,0.00,0.00,0.00,0.00,0.00,0.00",,0.00,
where to show ppf interest in itr 3,,0,"0.00,0.00,0.00,0.00,0.00,0.00,0.00,0.00,0.00,0.00,0.00,0.00",,0.00,
where to show ppf interest in itr 4,,0,"0.00,0.00,0.00,0.00,0.00,0.00,0.00,0.00,0.00,0.00,0.00,0.00",,0.00,
where to show ppf interest in itr2,,0,"0.00,0.00,0.00,0.00,0.00,0.00,0.00,0.00,0.00,0.00,0.00,0.00",,0.00,
where to show ppf interest income in itr 1,,0,"0.00,0.00,0.00,0.00,0.00,0.00,0.00,0.00,0.00,0.00,0.00,0.00",,0.00,
which is better ppf or elss,,0,"0.00,0.00,0.00,0.00,0.00,0.00,0.00,0.00,0.00,0.00,0.00,0.00",,0.00,
will interest rate for ppf will come down after demonetisation,,0,"0.00,0.00,0.00,0.00,0.00,0.00,0.00,0.00,0.00,0.00,0.00,0.00",,0.00,
withdrawal of ppf acount for nris,,0,"0.00,0.00,0.00,0.00,0.00,0.00,0.00,0.00,0.00,0.00,0.00,0.00",,0.00,
withdrawal system of ppf,,0,"0.00,0.00,0.00,0.00,0.00,0.00,0.00,0.00,0.00,0.00,0.00,0.00",,0.00,
wt is ppf,,0,"0.00,0.00,0.00,0.00,0.00,0.00,0.00,0.00,0.00,0.00,0.00,0.00",,0.00,
www ppf gov iq,,0,"0.00,0.00,0.00,0.00,0.00,0.00,0.00,0.00,0.00,0.00,0.00,0.00",,0.00,
www ppf gov iq articleshow,,0,"0.00,0.00,0.00,0.00,0.00,0.00,0.00,0.00,0.00,0.00,0.00,0.00",,0.00,
www ppf gov iq وجبات هيئة الطعن,,0,"0.00,0.00,0.00,0.00,0.00,0.00,0.00,0.00,0.00,0.00,0.00,0.00",,0.00,
xpel middle east ppf,,0,"0.00,0.00,0.00,0.00,0.00,0.00,0.00,0.00,0.00,0.00,0.00,0.00",,0.00,
xpel ppf sydney,,0,"0.00,0.00,0.00,0.00,0.00,0.00,0.00,0.00,0.00,0.00,0.00,0.00",,0.00,
xpel uae ppf,,0,"0.00,0.00,0.00,0.00,0.00,0.00,0.00,0.00,0.00,0.00,0.00,0.00",,0.00,
xpil ppf,,0,"0.00,0.00,0.00,0.00,0.00,0.00,0.00,0.00,0.00,0.00,0.00,0.00",,0.00,
yes bank ppf account,,0,"0.00,0.00,0.00,0.00,0.00,0.00,0.00,0.00,0.00,0.00,0.00,0.00",,0.00,
yes bank ppf account online,,0,"0.00,0.00,0.00,0.00,0.00,0.00,0.00,0.00,0.00,0.00,0.00,0.00",,0.00,
youtube ppf 2019,,0,"0.00,0.00,0.00,0.00,0.00,0.00,0.00,0.00,0.00,0.00,0.00,0.00",,0.00,
youtube ppf account,,0,"0.00,0.00,0.00,0.00,0.00,0.00,0.00,0.00,0.00,0.00,0.00,0.00",,0.00,
اكسبنشن ياماها 3000 ppf,,0,"0.00,0.00,0.00,0.00,0.00,0.00,0.00,0.00,0.00,0.00,0.00,0.00",,0.00,
العلم نور و رفعة ppf,,0,"0.00,0.00,0.00,0.00,0.00,0.00,0.00,0.00,0.00,0.00,0.00,0.00",,0.00,
العلم نور ورفعة ppf,,0,"0.00,0.00,0.00,0.00,0.00,0.00,0.00,0.00,0.00,0.00,0.00,0.00",,0.00,
برنامج اكسبنشن ياماها 3000 ppf,,0,"0.00,0.00,0.00,0.00,0.00,0.00,0.00,0.00,0.00,0.00,0.00,0.00",,0.00,
برنامج ياماها 3000 ppf,,0,"0.00,0.00,0.00,0.00,0.00,0.00,0.00,0.00,0.00,0.00,0.00,0.00",,0.00,
شرح ppf,,0,"0.00,0.00,0.00,0.00,0.00,0.00,0.00,0.00,0.00,0.00,0.00,0.00",,0.00,
كتب عن آداب اللباس ppf,,0,"0.00,0.00,0.00,0.00,0.00,0.00,0.00,0.00,0.00,0.00,0.00,0.00",,0.00,
منحنى امكانيات الانتاج ppf,,0,"0.00,0.00,0.00,0.00,0.00,0.00,0.00,0.00,0.00,0.00,0.00,0.00",,0.00,
पस्ट ऑफस ppf स्कम,,0,"0.00,0.00,0.00,0.00,0.00,0.00,0.00,0.00,0.00,0.00,0.00,0.00",,0.00,
